id,date,location,species,latinName
02WNholuSg6ndCk4c1dA,2022-08-01T06:40:31,Manchester,Marsh tick,Ixodes apronophorus
02rFwLCaAwZSVxdTDicK,2014-09-12T23:33:03,London,Southern rodent tick,Ixodes acuminatus
05349NmKTyfUhYKZNNH0,2015-03-17T09:10:25,Glasgow,Passerine tick,Dermacentor frontalis
0JDKkIqLbrytQyWTq08t,2019-02-20T13:56:04,Birmingham,Passerine tick,Dermacentor frontalis
0Jac6jm48OtR2AMDmNZn,2017-11-30T11:50:02,Southampton,Tree-hole tick,Ixodes arboricola
0KWpLGYsmDgVEVQckW7f,2016-09-19T06:05:49,Glasgow,Tree-hole tick,Ixodes arboricola
0L5BVSzmm898d1JCBaVB,2023-07-20T21:30:11,Nottingham,Passerine tick,Dermacentor frontalis
0PPxLMBVzgqsoA8ExrkR,2022-02-03T15:49:52,Sheffield,Fox/badger tick,Ixodes canisuga
0PjHl5xUUWf9Taf2fHxN,2024-06-12T20:03:52,Sheffield,Marsh tick,Ixodes apronophorus
0YAF6rRZ8QL8n47OGxcJ,2019-01-30T07:47:29,Liverpool,Southern rodent tick,Ixodes acuminatus
0c0k4ArSwnqmBJOF8zTH,2022-09-02T01:21:13,Nottingham,Passerine tick,Dermacentor frontalis
0cFvJcqQDZ2KXHlLebv4,2020-07-03T13:35:07,Edinburgh,Marsh tick,Ixodes apronophorus
0mgV5wo4mQ9i0t8Hpfdw,2020-10-19T21:35:03,London,Tree-hole tick,Ixodes arboricola
0ravs6s6kOWxvwTQVDAe,2016-09-16T13:43:34,Newcastle,Southern rodent tick,Ixodes acuminatus
0sRQsA0wItCftZQFkJuG,2019-12-19T20:33:10,Edinburgh,Fox/badger tick,Ixodes canisuga
0t6DXz0QgOMjSKqCST8J,2021-12-26T06:52:07,Birmingham,Passerine tick,Dermacentor frontalis
0uCFMyqZJDRBYAmEFpSL,2015-09-20T13:43:51,Manchester,Marsh tick,Ixodes apronophorus
0wcc3HT0lnp2jkAy7q6Y,2024-04-17T20:31:08,Leicester,Tree-hole tick,Ixodes arboricola
17KF4VZgcDZRyFfs2bXd,2019-07-19T16:17:59,Glasgow,Fox/badger tick,Ixodes canisuga
18eYwPQXGmWl3ZnyiYLD,2015-03-22T04:53:53,Nottingham,Tree-hole tick,Ixodes arboricola
1BAyUx8rQnqelYaMLqmP,2015-03-06T15:04:32,Bristol,Fox/badger tick,Ixodes canisuga
1FbUZqbO3bggzhPn83f6,2016-03-19T06:22:59,Manchester,Marsh tick,Ixodes apronophorus
1SaWWwei5I8AFbxsl9UE,2020-09-05T15:39:10,Manchester,Tree-hole tick,Ixodes arboricola
1UAk7dOWT61bT8o8Ur6s,2012-05-02T03:22:57,London,Tree-hole tick,Ixodes arboricola
1VhTOVT9kr5E1V3J2rQ1,2018-10-21T04:07:16,Nottingham,Southern rodent tick,Ixodes acuminatus
1VsrvUmhvA9wLvuahmgX,2012-06-27T03:19:07,Nottingham,Tree-hole tick,Ixodes arboricola
1WTkNtTMvlPMMgyMcrMb,2024-12-08T20:09:18,Bristol,Marsh tick,Ixodes apronophorus
1X5DO4d2kst8TDz5yeUg,2020-07-20T09:44:59,Cardiff,Passerine tick,Dermacentor frontalis
1ZSMadQvZPRkCbqZXAYH,2015-08-22T05:17:19,Leicester,Southern rodent tick,Ixodes acuminatus
1c59JwAnHry7SIbs2yfm,2015-06-11T01:55:27,Nottingham,Passerine tick,Dermacentor frontalis
1cwi6SlTNeS2WCXeWJWx,2012-03-10T00:08:03,Cardiff,Tree-hole tick,Ixodes arboricola
1dc3Sq3ckh8fQ4qm0cSz,2014-05-23T13:45:01,Manchester,Passerine tick,Dermacentor frontalis
1dnyM0apCiT8NGr9TBIr,2024-07-08T01:47:29,Manchester,Fox/badger tick,Ixodes canisuga
1gtMVjRmTki0Zd9Y3Itd,2014-08-13T10:51:17,Edinburgh,Tree-hole tick,Ixodes arboricola
1jg81lcxSkVHqe7MXBF7,2013-04-17T19:43:42,Southampton,Fox/badger tick,Ixodes canisuga
1meKWioAA6aqH8Nw41vp,2020-12-20T11:06:49,Glasgow,Tree-hole tick,Ixodes arboricola
1q1Z4pXssarDS2T1WhLp,2013-12-08T02:22:51,Cardiff,Passerine tick,Dermacentor frontalis
1tS6iH0z12OKj8kt7QRu,2013-09-20T23:15:56,Newcastle,Southern rodent tick,Ixodes acuminatus
1uSBJEH1JCknFpgNLKtZ,2017-01-25T18:18:51,Manchester,Southern rodent tick,Ixodes acuminatus
21YeuUkAlXgWklaq0Oeb,2021-03-07T19:08:07,Bristol,Southern rodent tick,Ixodes acuminatus
2574jc4mgnVIP5yGDgmQ,2015-09-19T18:50:13,Southampton,Passerine tick,Dermacentor frontalis
2AoC73JALdJTozXVptx1,2023-11-21T21:26:43,Manchester,Southern rodent tick,Ixodes acuminatus
2IGPQFRPwwHyK13GUjSN,2018-02-05T02:07:04,Nottingham,Marsh tick,Ixodes apronophorus
2OCxVnctUCuzA4nS3aIX,2023-03-20T22:00:35,Bristol,Southern rodent tick,Ixodes acuminatus
2YFTaHRPnYF3wQERz3gq,2015-07-05T09:49:58,Birmingham,Tree-hole tick,Ixodes arboricola
2aJ0Nbp40AA37xTH3eWb,2023-03-01T07:21:43,Birmingham,Southern rodent tick,Ixodes acuminatus
2ad68NvzFdRp5BIBN0e1,2022-03-28T06:06:58,Birmingham,Passerine tick,Dermacentor frontalis
2cv4kihvGZ1M3JCz1dS6,2024-01-06T21:51:00,Liverpool,Marsh tick,Ixodes apronophorus
2ex2JxssJBTn5Gytu4dY,2019-02-01T18:50:39,Birmingham,Passerine tick,Dermacentor frontalis
2jznlhICSCIrnPJ8rgQ7,2017-12-27T05:46:35,Newcastle,Southern rodent tick,Ixodes acuminatus
2pys19ACVjn5pWjRRxaB,2017-06-20T13:50:08,Cardiff,Marsh tick,Ixodes apronophorus
33sx6D9Z0WN3qO6pCLwE,2013-09-03T19:03:43,Cardiff,Marsh tick,Ixodes apronophorus
3C81xuaYJNAgGoMh9cdT,2018-02-07T07:57:13,Southampton,Passerine tick,Dermacentor frontalis
3EhiuZeS21dXpMZTNJEq,2019-10-15T04:19:36,Glasgow,Passerine tick,Dermacentor frontalis
3HmoQzKtH9LTa8POQ5pn,2016-04-21T06:42:09,Edinburgh,Marsh tick,Ixodes apronophorus
3KIhIxMpAXjXZLbljrBP,2016-04-03T14:00:37,Glasgow,Southern rodent tick,Ixodes acuminatus
3KeoYblTvAKYVRpsPuE0,2021-07-04T10:55:49,Leeds,Passerine tick,Dermacentor frontalis
3L6TsvB67MTMP8CS18O2,2014-09-17T00:03:23,Cardiff,Tree-hole tick,Ixodes arboricola
3Nogikm5ECn9BOzGemXt,2024-09-12T05:39:11,Southampton,Fox/badger tick,Ixodes canisuga
3Qj53M61V3tLVwBNNPEY,2020-11-09T10:03:31,Glasgow,Marsh tick,Ixodes apronophorus
3WDoZ4kGpYvjEyYaGYGw,2015-04-19T11:48:28,London,Marsh tick,Ixodes apronophorus
3WzSJP8VpilsnyxdIVK7,2013-06-08T10:20:21,Leicester,Marsh tick,Ixodes apronophorus
3XY7jBZDKFZGsTjy72Hw,2019-10-23T20:15:01,Nottingham,Tree-hole tick,Ixodes arboricola
3a7xGlfGDsu796YSmXLM,2018-07-29T09:32:00,Edinburgh,Southern rodent tick,Ixodes acuminatus
3cqL3ROuepjfQMs9ngvc,2022-07-03T20:22:01,Bristol,Marsh tick,Ixodes apronophorus
3d48gn6fHVyjvezJNAXQ,2012-01-26T14:15:56,Manchester,Southern rodent tick,Ixodes acuminatus
3haE5ThpcoVM0rK52S0M,2013-08-08T00:19:41,Glasgow,Passerine tick,Dermacentor frontalis
3jfzge9TUhip9lLYUEUF,2022-05-10T10:29:10,Edinburgh,Southern rodent tick,Ixodes acuminatus
3lRwmKJZzgD7nn4rt0rh,2022-06-13T12:48:38,Liverpool,Passerine tick,Dermacentor frontalis
3lkxXuO5Vwf1SmuMhBfK,2018-11-25T03:35:57,Bristol,Fox/badger tick,Ixodes canisuga
3qKjc1DFIBTtNrpUgRkf,2023-12-09T08:17:21,Southampton,Marsh tick,Ixodes apronophorus
3vAbBAAcmpIC0uFp4qK9,2024-10-23T00:29:35,Nottingham,Fox/badger tick,Ixodes canisuga
3vPvL7YSxqalOZ0PRNAF,2018-02-25T00:06:31,London,Southern rodent tick,Ixodes acuminatus
409BBD9tVjUcsiNgJEFm,2014-04-17T00:24:28,Manchester,Fox/badger tick,Ixodes canisuga
446I1APVZL5warCVwvgK,2018-02-11T04:34:18,Edinburgh,Southern rodent tick,Ixodes acuminatus
44F6xF2nAR63JLoudJTH,2018-03-11T00:59:26,Birmingham,Marsh tick,Ixodes apronophorus
45giE11e9oGHGyOXa7Cn,2023-08-11T19:58:57,Edinburgh,Marsh tick,Ixodes apronophorus
46B6DXuzyJVxdM2mrywB,2021-04-21T02:40:22,Cardiff,Fox/badger tick,Ixodes canisuga
46Bn6f8zq7YVl208EW1A,2024-04-20T21:01:07,Leeds,Southern rodent tick,Ixodes acuminatus
46nOhsoyrrsadruPfDZQ,2019-05-20T14:29:24,Cardiff,Fox/badger tick,Ixodes canisuga
48gLN6vogVwvd36ZJjVL,2023-12-06T14:02:08,Edinburgh,Marsh tick,Ixodes apronophorus
4BpYXknaXLU6PapCN7Ie,2020-07-12T14:00:33,Liverpool,Tree-hole tick,Ixodes arboricola
4MkOEqCML2vUFL7h7RrB,2023-02-27T09:09:01,Nottingham,Marsh tick,Ixodes apronophorus
4RLJWhFRd83xZY2Fu2Vk,2022-06-29T21:36:28,Liverpool,Tree-hole tick,Ixodes arboricola
4Ro2iFhtdF2SGit1gzOH,2020-06-25T00:44:33,Bristol,Southern rodent tick,Ixodes acuminatus
4VNbwkpZQVkM1jSJ3tIV,2015-08-03T13:38:08,Edinburgh,Southern rodent tick,Ixodes acuminatus
4XlbZB98NFfaIaZS1sdR,2020-08-19T12:07:08,Leicester,Southern rodent tick,Ixodes acuminatus
4oubeepyeR3M3I693E5I,2015-05-19T07:09:40,Liverpool,Southern rodent tick,Ixodes acuminatus
4roCxtIrNuW2SERVIKTL,2015-07-04T00:47:36,Birmingham,Fox/badger tick,Ixodes canisuga
4whMANj754FhlLX4Od9N,2013-10-12T00:33:44,Sheffield,Fox/badger tick,Ixodes canisuga
4yzqbYbSPWIW6smAVQzQ,2019-09-22T09:11:24,London,Passerine tick,Dermacentor frontalis
52TXdCor1RrFbeakilyb,2019-08-08T12:02:22,Leeds,Fox/badger tick,Ixodes canisuga
5KPMyE7RLO5QMoQDAeUG,2022-04-27T20:01:13,Birmingham,Fox/badger tick,Ixodes canisuga
5Qe4AAJsQpmQYlXmQoHn,2017-07-11T16:46:25,Southampton,Passerine tick,Dermacentor frontalis
5QiPc4W0jJqy2xV4pGx8,2012-05-11T15:10:47,Glasgow,Fox/badger tick,Ixodes canisuga
5ct4qdYjEDARY4ki9iL1,2012-08-20T19:15:53,Sheffield,Tree-hole tick,Ixodes arboricola
5dA3kzKUmXMt6G9UvkvG,2012-01-17T08:20:07,Nottingham,Passerine tick,Dermacentor frontalis
5fpBbElEfHfG0vFErOoz,2013-07-11T08:39:47,Glasgow,Passerine tick,Dermacentor frontalis
5hBTxnp6BB1WT30MYK1P,2016-06-09T03:33:16,Bristol,Passerine tick,Dermacentor frontalis
5obLk5ADwtVMaHP8mvRZ,2019-07-17T13:49:20,Bristol,Fox/badger tick,Ixodes canisuga
5tYPKiWr6bMuMC7lc2Eq,2019-04-22T07:22:11,Edinburgh,Marsh tick,Ixodes apronophorus
5zGlbMy45diJFgDwGt0b,2020-03-24T17:15:33,Cardiff,Fox/badger tick,Ixodes canisuga
641TKZaZ7oGv90DIHowL,2018-02-09T12:40:57,Nottingham,Fox/badger tick,Ixodes canisuga
684sh2EI7jB0PotoPDcy,2023-03-23T22:05:04,Sheffield,Tree-hole tick,Ixodes arboricola
6Av6Cyy21rSAEnnTfEiE,2016-09-27T03:27:56,Leicester,Fox/badger tick,Ixodes canisuga
6BgeW0SeM37jZNYrzzHd,2015-04-08T07:26:58,Glasgow,Marsh tick,Ixodes apronophorus
6EAhpY86qoLTW76pGT3G,2015-03-19T23:14:03,Birmingham,Tree-hole tick,Ixodes arboricola
6EotzaikFXHVnCgFA49X,2014-03-12T07:34:49,Manchester,Fox/badger tick,Ixodes canisuga
6UVP1rzrW23gvOm2oxT3,2020-01-13T03:59:56,Sheffield,Southern rodent tick,Ixodes acuminatus
6aMgu1nQOYG4NlhNtL2V,2023-07-30T06:01:12,London,Tree-hole tick,Ixodes arboricola
6eSLU6MGCz3wSh5UKFN5,2018-10-02T04:13:24,Newcastle,Passerine tick,Dermacentor frontalis
6f3U0O5DcqJU39bi6mZ9,2021-01-19T17:01:18,Leicester,Tree-hole tick,Ixodes arboricola
6nIBiritQYfQ32VokYSm,2013-07-18T23:47:12,Edinburgh,Passerine tick,Dermacentor frontalis
6pU9CjVB3BlQFa2PMBlm,2021-03-29T04:38:34,Leeds,Passerine tick,Dermacentor frontalis
6ruABkzLtg3oDiSrv5Ru,2021-08-24T11:17:32,London,Passerine tick,Dermacentor frontalis
6uL0leRbGkixrE6S44ZA,2017-07-02T11:14:51,Manchester,Fox/badger tick,Ixodes canisuga
70TzB7ZFD0EyJFSwBC61,2018-01-27T19:35:18,Newcastle,Fox/badger tick,Ixodes canisuga
76V3xoOsWyo2hrWgm1kx,2019-03-28T16:14:20,Birmingham,Tree-hole tick,Ixodes arboricola
7KItgZxrEcugpfE5oCm4,2021-06-25T18:41:41,Sheffield,Southern rodent tick,Ixodes acuminatus
7RovjFKDhuLUoOvgFwTH,2023-09-17T22:19:35,Sheffield,Fox/badger tick,Ixodes canisuga
7VXMlHYUA3z07lov9SQl,2017-11-26T20:55:51,Edinburgh,Southern rodent tick,Ixodes acuminatus
7XWDtRF2fHFDUU0mePcz,2024-08-22T15:25:39,Newcastle,Fox/badger tick,Ixodes canisuga
7Ypw4iCBaUGSP936c4Vh,2017-12-27T04:08:37,Bristol,Southern rodent tick,Ixodes acuminatus
7bXdoYrNX2P2TaIXMUyw,2021-04-03T11:03:10,Glasgow,Passerine tick,Dermacentor frontalis
7m41XvCHtxrkq7yhOz0u,2016-02-25T06:35:51,Sheffield,Fox/badger tick,Ixodes canisuga
7oUykby0KgASEuB7HmsC,2021-10-29T19:02:08,Southampton,Tree-hole tick,Ixodes arboricola
7wM3049Ld2GQEaReLB2p,2021-10-16T09:53:37,Glasgow,Tree-hole tick,Ixodes arboricola
7ymlbFjZ8KBHBsOmkEsh,2012-03-09T04:01:56,Southampton,Tree-hole tick,Ixodes arboricola
81wmm1pbZoWSejo95arG,2022-10-04T12:54:27,Sheffield,Tree-hole tick,Ixodes arboricola
83WtbOyHXrd5r85gb5Vz,2024-12-30T04:32:12,Glasgow,Southern rodent tick,Ixodes acuminatus
85regVce6lxpbCsWqqI6,2013-03-29T01:00:45,Leicester,Southern rodent tick,Ixodes acuminatus
86qHZzj19gGxRmeG4Jth,2017-06-30T15:03:50,Manchester,Passerine tick,Dermacentor frontalis
8Ao9g5WrBiTrH35ruYVq,2015-12-04T18:43:16,Liverpool,Southern rodent tick,Ixodes acuminatus
8B0MI5mWSOphj8HYnScj,2022-08-21T19:30:46,Newcastle,Marsh tick,Ixodes apronophorus
8KzzKK3MzNRMvvMkvI64,2023-12-11T13:59:50,Birmingham,Fox/badger tick,Ixodes canisuga
8NABLMK5ofNxkd15JhBo,2012-03-19T11:26:34,Leicester,Tree-hole tick,Ixodes arboricola
8ORFBRRPnXUOCq1ybDcn,2019-08-10T17:47:55,Nottingham,Fox/badger tick,Ixodes canisuga
8QjHL9AYfAD2BNUS0J8p,2015-06-16T21:03:18,Liverpool,Southern rodent tick,Ixodes acuminatus
8SXVSF0bqI0Nwl9V8t75,2024-04-30T12:54:30,Glasgow,Passerine tick,Dermacentor frontalis
8SiJAWFQ04yYi7ThreGF,2022-11-17T21:26:27,Liverpool,Southern rodent tick,Ixodes acuminatus
8Xj6dsTyD4TOiMIdIsf3,2024-04-11T22:17:48,Southampton,Southern rodent tick,Ixodes acuminatus
8YAtzndoIpF2ZurbVyK8,2016-09-29T19:36:57,Newcastle,Marsh tick,Ixodes apronophorus
8dLyAYTdpx2jKF0nCeNC,2024-04-10T07:50:37,Manchester,Tree-hole tick,Ixodes arboricola
8evFSghoF3EDNCbe5mzm,2021-01-10T05:53:11,Nottingham,Passerine tick,Dermacentor frontalis
8fVd4SzqURqJgSVHOn7i,2012-11-09T20:55:01,Bristol,Tree-hole tick,Ixodes arboricola
8mdpwENCmmHsXuw4vKBi,2015-05-03T13:28:12,Sheffield,Southern rodent tick,Ixodes acuminatus
8nhE5TSJcL1oOld3OpVW,2023-06-17T13:08:18,Birmingham,Southern rodent tick,Ixodes acuminatus
8oE7yfH8FmN2lzDuN9XN,2014-12-16T18:24:05,Newcastle,Southern rodent tick,Ixodes acuminatus
8pKPaAZ7GsXY8mCQRrXT,2013-10-31T12:22:24,Manchester,Passerine tick,Dermacentor frontalis
8tPfltDuCe9bHXUP1szQ,2013-01-18T18:04:17,Liverpool,Marsh tick,Ixodes apronophorus
8ujl6nxHxcl83m3pc90o,2018-02-10T01:51:48,Southampton,Marsh tick,Ixodes apronophorus
8xX7IDgDPBkMukgrfqwA,2017-06-25T13:55:23,Birmingham,Passerine tick,Dermacentor frontalis
8xyuyUdQVTDfku3uONNs,2018-06-19T00:41:05,Manchester,Fox/badger tick,Ixodes canisuga
8yTkS1PSkdwgzh1ZCTKK,2021-09-19T16:37:07,Southampton,Tree-hole tick,Ixodes arboricola
95d6UcbocqaEIO52w10W,2017-07-27T03:16:45,Newcastle,Southern rodent tick,Ixodes acuminatus
9ArW7gk5hYYwnZruekQd,2018-11-17T12:14:14,Cardiff,Passerine tick,Dermacentor frontalis
9EFXCFxCVXy6apCASOs1,2015-12-06T05:58:08,Newcastle,Marsh tick,Ixodes apronophorus
9F7cM8AwvFiNIsdhqCqy,2014-04-05T09:05:51,Liverpool,Passerine tick,Dermacentor frontalis
9HEBCijRp1mMClmGYeyv,2018-02-06T19:57:00,Birmingham,Fox/badger tick,Ixodes canisuga
9Qvi7NJLHTbEip46s9Nv,2019-02-07T07:52:22,Manchester,Southern rodent tick,Ixodes acuminatus
9RInLb9D9Vr6Dl0gq8rw,2012-02-04T22:47:40,Newcastle,Passerine tick,Dermacentor frontalis
9Rz2vmcBSPcSDPFmyozl,2024-08-04T08:11:41,Glasgow,Passerine tick,Dermacentor frontalis
9WB23vVRf7JDX7dPijds,2024-08-12T15:18:06,Manchester,Fox/badger tick,Ixodes canisuga
9WcQRkW35tCOyRbwvaz8,2021-05-21T02:08:15,Leicester,Passerine tick,Dermacentor frontalis
9XSlCEU1yjI9JUanz9A1,2016-10-05T15:33:32,Glasgow,Southern rodent tick,Ixodes acuminatus
9b14enFIrnyjMb5Vswk9,2014-04-20T06:15:14,Nottingham,Fox/badger tick,Ixodes canisuga
9bCXNxlovKkRxtdPxMyO,2019-10-03T20:40:24,Glasgow,Tree-hole tick,Ixodes arboricola
9cEnX6Uq9ewnINedmf8w,2021-08-09T02:23:53,London,Marsh tick,Ixodes apronophorus
9gkZh8PpOMnklKoHaq7F,2018-07-25T00:41:17,Sheffield,Southern rodent tick,Ixodes acuminatus
9meABYFDEA9MMF5JaeRD,2021-05-01T05:31:35,Manchester,Southern rodent tick,Ixodes acuminatus
9nQaYeeaGAR6r7MQwNNr,2016-09-10T11:44:44,Leicester,Marsh tick,Ixodes apronophorus
9oDOTg3wpBm8rUkuFTPL,2019-03-04T23:42:49,Leicester,Tree-hole tick,Ixodes arboricola
9rActoXLFeIqJOyaA0qA,2021-03-14T04:09:23,Liverpool,Marsh tick,Ixodes apronophorus
9tWNppfl3kOOuNnNiNOk,2021-12-08T04:07:36,Southampton,Fox/badger tick,Ixodes canisuga
9tqlaH9WKbPRBiElq5RP,2012-05-02T23:28:49,London,Tree-hole tick,Ixodes arboricola
9v7TGhrB7HraQqUm6JmK,2024-10-20T07:20:12,Cardiff,Tree-hole tick,Ixodes arboricola
9vFF9tEofSP8UG0wlxRw,2015-04-30T13:08:43,Leeds,Tree-hole tick,Ixodes arboricola
9ylWW5ksm6XXVW59L6Mq,2019-11-18T03:47:55,Bristol,Tree-hole tick,Ixodes arboricola
A8rTatyF5W8IQkgvFNMG,2014-07-31T09:14:28,Nottingham,Tree-hole tick,Ixodes arboricola
A9tJpcNJFs01DoGnhyWc,2021-06-01T09:27:27,Liverpool,Fox/badger tick,Ixodes canisuga
ASeCrHxOBrh3XPTH4oMW,2014-12-22T01:09:21,Leicester,Passerine tick,Dermacentor frontalis
AVB48apRwFQaBP2pbWnS,2012-04-22T15:10:25,Cardiff,Southern rodent tick,Ixodes acuminatus
AWfSPr8mee4CQR8URsVD,2018-02-08T01:12:07,Manchester,Marsh tick,Ixodes apronophorus
AfFBFPpfAcRmUhiilk8E,2018-12-02T08:59:56,Bristol,Tree-hole tick,Ixodes arboricola
AiSNMSlxbrNWPX116Jve,2018-12-07T11:52:18,Bristol,Tree-hole tick,Ixodes arboricola
AiYCxGryVjZftdUsw7yl,2023-03-14T20:26:58,London,Passerine tick,Dermacentor frontalis
Aj8axp76ldkMgbu2W96m,2012-03-03T03:57:04,Newcastle,Southern rodent tick,Ixodes acuminatus
Am0gFpS5FFgjvZwLNB1W,2015-02-07T23:51:30,Leeds,Passerine tick,Dermacentor frontalis
Amf3180TYlpUoUakEsfk,2019-03-18T16:26:30,Sheffield,Southern rodent tick,Ixodes acuminatus
AoYEPQnOL8XSrFWnTvYP,2024-12-28T06:01:52,Birmingham,Southern rodent tick,Ixodes acuminatus
As4I1QJZHSoOTtIq0kHa,2024-07-27T05:28:39,Nottingham,Marsh tick,Ixodes apronophorus
B0pcUrBM6WnNlWhVMaQz,2014-03-31T01:30:21,Leicester,Tree-hole tick,Ixodes arboricola
B6CaPF49BQNLXAjsAQYg,2012-12-23T21:17:45,Leeds,Southern rodent tick,Ixodes acuminatus
BDRM729I8SWLrQ8yQL9P,2016-06-12T21:02:49,Bristol,Fox/badger tick,Ixodes canisuga
BInTrmnfjB0M87GY82MJ,2013-11-21T10:42:25,Bristol,Marsh tick,Ixodes apronophorus
BMgmni67ZqlwIV7kUQiW,2016-04-28T23:46:28,Newcastle,Fox/badger tick,Ixodes canisuga
BSNcTK5vwatLS1Na31tE,2023-01-09T11:43:17,Cardiff,Marsh tick,Ixodes apronophorus
BWB78fEQ3Viy58gMG9v6,2016-12-23T00:50:10,Glasgow,Fox/badger tick,Ixodes canisuga
BWRfADffJiQVd2hWbyHO,2020-12-26T10:01:22,Manchester,Passerine tick,Dermacentor frontalis
BXh9Zef5jLWMNJ0l7Yu3,2020-09-21T07:53:52,Cardiff,Tree-hole tick,Ixodes arboricola
BZ4iQ6FJzEilaS6PMPu1,2012-02-25T05:50:29,Bristol,Passerine tick,Dermacentor frontalis
BZNs6ftKoPO1d2q4LYYh,2022-11-01T00:47:34,Manchester,Southern rodent tick,Ixodes acuminatus
BmZJHIdgDJnJgTXCJkVw,2018-05-31T12:31:39,Leicester,Fox/badger tick,Ixodes canisuga
BtrPnLEY7xWvohDwUV8U,2023-12-05T01:41:05,Edinburgh,Passerine tick,Dermacentor frontalis
ByutGbTfQB8vxedFPWbH,2022-03-22T19:55:27,London,Fox/badger tick,Ixodes canisuga
C26VHMqkZeDApDgxvRxM,2021-03-30T06:26:22,Edinburgh,Marsh tick,Ixodes apronophorus
C7ZyI66uUT01nO6Tu4g7,2020-01-09T16:40:18,Edinburgh,Tree-hole tick,Ixodes arboricola
CAHUrMCkkd66IJl4Ctvo,2023-11-05T09:01:02,Southampton,Passerine tick,Dermacentor frontalis
CAhFkgnSiR1mtNS1ndrC,2017-05-19T15:04:17,Liverpool,Tree-hole tick,Ixodes arboricola
CE7lsZjdLZU0gneaut6Y,2014-03-18T21:07:53,Leeds,Tree-hole tick,Ixodes arboricola
CL0xiYDZIjJLpMDJOe2V,2014-08-14T23:46:15,Liverpool,Tree-hole tick,Ixodes arboricola
CRVnFBHoIPSirfmZqBwO,2015-05-22T02:24:58,London,Fox/badger tick,Ixodes canisuga
CUFiFnljNp3xxKwmiCVW,2022-05-25T14:27:47,Leeds,Tree-hole tick,Ixodes arboricola
CV36uy2FyopM3k0UF20F,2014-06-30T23:26:17,Edinburgh,Fox/badger tick,Ixodes canisuga
CVG3pk5hMjw54JUAYPTM,2018-08-27T06:13:56,Sheffield,Fox/badger tick,Ixodes canisuga
CXxFJtCAKdmbFXPlQE5q,2016-02-17T12:46:29,Manchester,Fox/badger tick,Ixodes canisuga
CePZOLqnifb7xxYbQVyF,2015-08-30T12:50:16,Bristol,Tree-hole tick,Ixodes arboricola
Cwbsm7HBoaXS7sArujWB,2017-12-27T08:51:05,Sheffield,Passerine tick,Dermacentor frontalis
CwuBNUjl6T81u5Msa4Mi,2020-12-12T18:24:01,Birmingham,Tree-hole tick,Ixodes arboricola
D04lXefag9nvsjMKgBoQ,2017-03-12T08:21:15,Liverpool,Tree-hole tick,Ixodes arboricola
D16roCvyIFzWS9r9oK2Q,2014-02-22T10:42:48,Leeds,Passerine tick,Dermacentor frontalis
D2egeOh3xsNtVaLMzK3u,2014-02-28T15:42:21,Leeds,Southern rodent tick,Ixodes acuminatus
D3Te0ZPO18dCtoNNk5aT,2023-08-31T14:01:58,Manchester,Passerine tick,Dermacentor frontalis
D433j2BmBgVJBXQczRXW,2012-11-09T03:28:28,Sheffield,Passerine tick,Dermacentor frontalis
D4fol4qy9RB2CSvmnWnQ,2023-04-12T02:50:18,London,Fox/badger tick,Ixodes canisuga
DFOXJECOHLIgurUbkGDe,2016-04-10T01:13:44,Glasgow,Southern rodent tick,Ixodes acuminatus
DFosZYapObv5xw6zVp70,2024-10-08T09:02:11,Nottingham,Marsh tick,Ixodes apronophorus
DWRYd0bMEuLXh5Nu3cjJ,2023-07-28T12:50:34,Leicester,Southern rodent tick,Ixodes acuminatus
DawlnIjY3mjPVDwMfoOa,2016-05-01T23:34:37,Cardiff,Passerine tick,Dermacentor frontalis
DbMOiyyChIzzTcPmP21V,2022-12-19T00:07:22,Manchester,Fox/badger tick,Ixodes canisuga
DdWFt7bzVfQ9jnS2BDV6,2024-12-17T08:45:04,Sheffield,Marsh tick,Ixodes apronophorus
DgHIEsdCLxR16wSy3zZO,2015-02-27T23:23:08,Glasgow,Marsh tick,Ixodes apronophorus
DkqliAxY4jB2nTDcfgjt,2012-11-22T07:16:08,Manchester,Fox/badger tick,Ixodes canisuga
DvaifYQDRUDP5iNAZuqB,2023-04-05T04:30:23,Sheffield,Southern rodent tick,Ixodes acuminatus
DwcJyztD3DJNhUkEt5e1,2024-05-17T14:25:32,Leeds,Southern rodent tick,Ixodes acuminatus
DyFy26uzJvVdtdLcp1lE,2022-05-09T23:47:35,Newcastle,Marsh tick,Ixodes apronophorus
E1SoitjUxiTfAlad8Olp,2014-06-05T15:41:31,Cardiff,Passerine tick,Dermacentor frontalis
E5k9w2Y2c7UeHb3Mr6Ft,2013-03-22T21:08:51,Bristol,Marsh tick,Ixodes apronophorus
E7fOH4Ht6Q63KT7Qlhpp,2020-11-15T09:58:23,Glasgow,Tree-hole tick,Ixodes arboricola
E9MP5NirTrF3XwlLFakG,2017-06-27T13:11:23,Birmingham,Southern rodent tick,Ixodes acuminatus
ED46zemgTCc38RfjggT5,2015-02-22T15:18:35,Glasgow,Passerine tick,Dermacentor frontalis
EDkrJ5Vf8L1yKpodif2U,2017-01-04T03:53:10,Southampton,Southern rodent tick,Ixodes acuminatus
EHShvlC8XYkcToUQds4q,2018-04-08T09:27:40,Sheffield,Passerine tick,Dermacentor frontalis
EMPDUwWOUuzfFcEcIrpE,2016-10-04T12:12:48,Leeds,Tree-hole tick,Ixodes arboricola
ENeRInaA98jFbwJI3o93,2023-11-02T01:15:00,Glasgow,Marsh tick,Ixodes apronophorus
ESJAL8XBdzN8pKVk3swM,2021-12-01T06:12:14,London,Marsh tick,Ixodes apronophorus
ET4z01CZ3w5sdrxppC9A,2023-02-21T03:58:01,Manchester,Marsh tick,Ixodes apronophorus
ETxuaOa9OkUAyfM7brLn,2013-09-12T16:40:28,Bristol,Fox/badger tick,Ixodes canisuga
EaGAC5nkR2I3jfaB0vXD,2012-08-02T12:08:37,Newcastle,Southern rodent tick,Ixodes acuminatus
EbkMbuA8WlixZUUFGXaj,2015-08-07T08:51:49,Leeds,Fox/badger tick,Ixodes canisuga
Em5r73cU7ZBxiRicnzl2,2018-11-21T10:37:24,Birmingham,Fox/badger tick,Ixodes canisuga
EoCsJjgHPjApkg4O2x2n,2016-01-04T15:50:39,Manchester,Marsh tick,Ixodes apronophorus
EuaGZEMoI1Ja2px75dvt,2016-04-26T08:55:04,Birmingham,Marsh tick,Ixodes apronophorus
EyCsXBBNAjzSGGTRVpjt,2013-12-23T19:30:23,Newcastle,Tree-hole tick,Ixodes arboricola
Ez30oqT6mFRyiCrzdK1J,2015-07-08T20:25:50,Birmingham,Marsh tick,Ixodes apronophorus
FBzoHkuYh5Y8aVFrGab8,2020-01-19T00:15:32,Sheffield,Tree-hole tick,Ixodes arboricola
FC94cTxWqQB2Kd0bvzyx,2021-05-11T10:32:37,London,Passerine tick,Dermacentor frontalis
FEWLK58rdfFYOqjygvvL,2015-12-18T05:46:08,Birmingham,Southern rodent tick,Ixodes acuminatus
FH1Bx0W5hozIWG7aepsf,2016-03-12T18:04:59,Sheffield,Tree-hole tick,Ixodes arboricola
FJyDvrlopNYlutxeZQED,2016-12-26T10:36:16,Manchester,Tree-hole tick,Ixodes arboricola
FMTrhYMr40AzFyOYeMkx,2012-02-01T08:18:41,Cardiff,Passerine tick,Dermacentor frontalis
FNCmzOzdzo2WlgRvAYJF,2019-10-03T00:06:21,Leicester,Southern rodent tick,Ixodes acuminatus
FNRJmAyWPntyivP6zrsb,2018-02-28T14:49:55,Manchester,Passerine tick,Dermacentor frontalis
FPxMHXF1dkiFtJ5jn18T,2017-04-06T18:00:43,Glasgow,Southern rodent tick,Ixodes acuminatus
FQ6HktxRWqNcDv924ONW,2023-03-30T04:21:12,Leeds,Passerine tick,Dermacentor frontalis
FTBzIQ0udjgVPH0a7vZG,2012-06-04T04:49:40,Nottingham,Passerine tick,Dermacentor frontalis
FUiiJZzGqvvJhETffqR0,2016-04-03T09:09:42,Bristol,Passerine tick,Dermacentor frontalis
FUvyJ5g8Deb34YvBdGHc,2017-06-12T20:20:32,Nottingham,Fox/badger tick,Ixodes canisuga
FW0BpQTHFcnzB2WVYl6k,2017-08-23T15:41:18,Southampton,Tree-hole tick,Ixodes arboricola
FWC8nmo9Qzzmv5yVQ2AO,2024-10-14T14:43:33,Bristol,Marsh tick,Ixodes apronophorus
FaOs9NVpdUjcdr9ZoofK,2018-02-27T23:52:42,London,Tree-hole tick,Ixodes arboricola
Ff1JYByXmaS8VRxvw7bP,2022-01-07T11:45:56,Leicester,Marsh tick,Ixodes apronophorus
FgKVi70vRyCuyER9kZWT,2016-10-07T22:28:07,Southampton,Tree-hole tick,Ixodes arboricola
Fgu8P0LDqeWaaaUVfCW0,2014-06-26T19:43:00,Manchester,Passerine tick,Dermacentor frontalis
FvJUDEcC7IsnzvzeNw7L,2016-10-28T07:25:41,Nottingham,Tree-hole tick,Ixodes arboricola
FxJC5DrgT7gPyMLLeP1p,2018-07-17T07:49:54,Bristol,Fox/badger tick,Ixodes canisuga
FxupEiF9DCD3LDnkGBnz,2017-04-26T21:46:08,Sheffield,Fox/badger tick,Ixodes canisuga
G4Wi8jy31n9eP6MCeqI2,2017-12-07T19:46:15,Nottingham,Tree-hole tick,Ixodes arboricola
G4mB10cbrvTbwgGHc3xQ,2020-11-05T08:09:09,Liverpool,Southern rodent tick,Ixodes acuminatus
G9FARnHZhyjM8f8OyAko,2015-11-05T06:15:02,Bristol,Marsh tick,Ixodes apronophorus
GDL6K8jgn6EE5gwhCgB1,2013-10-28T22:29:11,Manchester,Passerine tick,Dermacentor frontalis
GFvwBwlKqG452CvPCekP,2015-02-18T14:43:58,Bristol,Southern rodent tick,Ixodes acuminatus
GQ3ZqsOHSjAOmk8x07rv,2013-05-10T21:29:40,Glasgow,Marsh tick,Ixodes apronophorus
GWZ5ZJxUnLgHh97qeE6m,2019-12-24T00:48:47,Leeds,Fox/badger tick,Ixodes canisuga
GiLwoOFJlY5I8VxNUOWf,2019-07-15T19:35:14,Southampton,Marsh tick,Ixodes apronophorus
GkTWmmCaVIfOeENqTywe,2016-10-15T21:37:37,Cardiff,Passerine tick,Dermacentor frontalis
GnJWT1myATkGRLp5sFDc,2022-04-02T07:19:44,Edinburgh,Tree-hole tick,Ixodes arboricola
Gvp7ycLregHAROvPsMPc,2017-02-28T06:31:25,London,Fox/badger tick,Ixodes canisuga
GwrOAmoayat6xREa6tS1,2023-02-06T08:58:44,London,Southern rodent tick,Ixodes acuminatus
GznDMUpuuOJAZOa0EJT5,2019-03-07T12:41:31,Sheffield,Southern rodent tick,Ixodes acuminatus
GzwgsqiMRGu8zTMVtn6U,2021-03-28T17:42:23,Leeds,Fox/badger tick,Ixodes canisuga
H1l31zA31Jt0uGhYgyhZ,2021-01-20T17:27:55,Newcastle,Southern rodent tick,Ixodes acuminatus
H3UTS3Wl92ALNszyexfS,2021-05-04T11:00:10,Leicester,Fox/badger tick,Ixodes canisuga
H5137RgcNux1AWA4Va6O,2020-07-31T15:22:50,Nottingham,Fox/badger tick,Ixodes canisuga
H5uaK2OExzE81VWZQcoE,2020-06-09T17:22:11,London,Marsh tick,Ixodes apronophorus
H6AqFaCfSNlayUmy9q1P,2023-02-20T02:25:54,Edinburgh,Passerine tick,Dermacentor frontalis
HCQRk93zQIrjy5kYFbRI,2017-07-26T03:07:24,Bristol,Fox/badger tick,Ixodes canisuga
HDzq1TQLJuUCARD2J3gG,2017-06-28T02:20:14,Newcastle,Marsh tick,Ixodes apronophorus
HHWT4HRxJt3yvV30dbfH,2017-01-02T10:07:09,Southampton,Marsh tick,Ixodes apronophorus
HL4FsTeEhn3qhvK0N3kM,2019-11-19T13:19:46,Cardiff,Tree-hole tick,Ixodes arboricola
HO0q17NDojT8Ouf6dntF,2019-12-14T15:50:15,London,Fox/badger tick,Ixodes canisuga
HUwyCepes6Tkk0z6IU4F,2014-01-13T02:49:30,Leeds,Marsh tick,Ixodes apronophorus
HV0cNd5ircP0DwJA8XXN,2016-12-01T00:23:30,Leicester,Passerine tick,Dermacentor frontalis
HcTz5EDYbFORNFmHptI9,2017-04-01T22:55:41,Leeds,Passerine tick,Dermacentor frontalis
Hdf6iTlt04QfjcE4TLsp,2020-09-21T22:42:54,Newcastle,Marsh tick,Ixodes apronophorus
HeE08XsiyKPTNVrThTYB,2019-03-18T12:46:40,Manchester,Marsh tick,Ixodes apronophorus
HgEoQ2wLJKmQUiSsbcWF,2013-02-20T23:08:11,Bristol,Fox/badger tick,Ixodes canisuga
HkhkMq9yolI7T8y8QgIV,2015-05-09T06:41:08,Cardiff,Tree-hole tick,Ixodes arboricola
Hl56tj9pHF0KxoORz0uz,2024-03-30T20:29:12,Liverpool,Tree-hole tick,Ixodes arboricola
HlwX1As41KVOnWAkXheg,2022-02-20T17:49:07,Cardiff,Southern rodent tick,Ixodes acuminatus
HoSGSFvHYcghGXXf2vNJ,2021-12-27T13:26:20,Liverpool,Southern rodent tick,Ixodes acuminatus
HsBoKTi0FiHniGgQVJZS,2016-01-05T13:17:11,Sheffield,Fox/badger tick,Ixodes canisuga
HuZ8omEvqmsv7DtA7uYR,2023-07-21T10:39:28,Leicester,Marsh tick,Ixodes apronophorus
Hy2738cPFago6Z2JOjfN,2013-09-10T17:11:54,Cardiff,Tree-hole tick,Ixodes arboricola
HyBa6bEINZPGSX6yttZA,2017-01-27T18:36:40,Birmingham,Fox/badger tick,Ixodes canisuga
I59fa8epR5AZeUvgFVg4,2018-09-29T09:59:39,Leicester,Southern rodent tick,Ixodes acuminatus
I7xcoZs5lTXU0Hqwsn19,2015-03-31T06:38:19,Liverpool,Passerine tick,Dermacentor frontalis
I8JGAn5uQridq419CPHT,2013-05-04T21:24:56,Sheffield,Tree-hole tick,Ixodes arboricola
IDu5mjGPOqV0BpDSor2o,2017-05-17T02:10:22,Leicester,Fox/badger tick,Ixodes canisuga
IG3l1a8oRJtvyPKF3rgO,2021-10-20T01:23:04,London,Marsh tick,Ixodes apronophorus
ILf8vEC5ceQG1BjsFXVg,2017-06-25T06:50:42,Manchester,Passerine tick,Dermacentor frontalis
IPDQ5fM2XMMPLJCpbMmx,2024-05-02T22:56:08,Leicester,Tree-hole tick,Ixodes arboricola
IUN8JPXJPQmBBdbs3vid,2012-01-13T01:23:34,Birmingham,Tree-hole tick,Ixodes arboricola
IWkIdJFsPjd9E990hs0M,2023-08-08T23:36:14,London,Tree-hole tick,Ixodes arboricola
IdoWVlLOQ1IaKZ7nGVQu,2014-02-28T07:44:10,Glasgow,Passerine tick,Dermacentor frontalis
IkOrsHDYQiH1g0UrUXJe,2023-03-15T08:20:56,Sheffield,Tree-hole tick,Ixodes arboricola
IplJ1E4rnwfDjFP5M9bD,2024-01-06T12:43:33,Edinburgh,Southern rodent tick,Ixodes acuminatus
Iq1ASgLNepeZGf0cy7HC,2022-02-13T20:48:00,Bristol,Passerine tick,Dermacentor frontalis
Iq3o97B33HJ88BOsIIIV,2023-03-28T10:51:51,Southampton,Marsh tick,Ixodes apronophorus
ItEPQy0TIL2oAfW90Xd5,2018-12-10T05:09:25,Nottingham,Tree-hole tick,Ixodes arboricola
J7IOFyqy0fUzE1e8ZqGM,2012-10-02T20:45:27,Cardiff,Passerine tick,Dermacentor frontalis
J7InoA1ALqVsDodLKf6x,2019-12-04T23:54:08,Leeds,Southern rodent tick,Ixodes acuminatus
J8HZLUDO3quUlJlfgK3q,2023-07-19T05:06:16,Leeds,Tree-hole tick,Ixodes arboricola
JE4E9TpWLx3PjClnLltW,2016-03-24T10:03:49,Southampton,Marsh tick,Ixodes apronophorus
JEdr5UCUnujGMVr5K97V,2019-11-12T12:13:36,Nottingham,Tree-hole tick,Ixodes arboricola
JHPXPy4AhjeZarxGuJfF,2020-10-27T08:33:16,Nottingham,Passerine tick,Dermacentor frontalis
JIpX177KvaSfIj0TY7iR,2024-09-28T07:08:08,London,Fox/badger tick,Ixodes canisuga
JNZVfqZeneYioQad0xWN,2018-08-08T09:53:10,Bristol,Marsh tick,Ixodes apronophorus
JS69mIQYTB6mdu0vMt4p,2022-12-17T04:56:17,Nottingham,Marsh tick,Ixodes apronophorus
JSxSd0lnzlGazsLwK2FZ,2023-04-02T10:43:00,Birmingham,Passerine tick,Dermacentor frontalis
JaqAzUFVgyQ5NEGgyM2j,2012-01-06T18:04:03,Birmingham,Passerine tick,Dermacentor frontalis
JbAXebsbCrAhgtPpVHEB,2022-05-01T12:31:27,Edinburgh,Tree-hole tick,Ixodes arboricola
JcDYwjrPM34bdGsOxVlK,2017-08-09T06:25:37,Glasgow,Tree-hole tick,Ixodes arboricola
JhSabbDkZ94WC50n3c6n,2016-07-02T19:43:39,Sheffield,Tree-hole tick,Ixodes arboricola
Jl2BoDhGUezLen3GkwUw,2023-06-21T06:42:08,Glasgow,Fox/badger tick,Ixodes canisuga
JlYJCYtGgXG5PPVCV7Ts,2020-02-16T00:52:40,Edinburgh,Fox/badger tick,Ixodes canisuga
JlbiMKQsVEa0JNfUVdlR,2017-07-01T18:17:33,Birmingham,Marsh tick,Ixodes apronophorus
Jt2CeNQ3CtChMVbKPn9o,2022-03-04T20:21:35,Nottingham,Passerine tick,Dermacentor frontalis
Jw6921YckWOYdE7UfGcL,2022-08-19T01:26:28,London,Fox/badger tick,Ixodes canisuga
K18kLiOzBySntKFvA4Es,2013-10-03T23:25:41,Sheffield,Passerine tick,Dermacentor frontalis
K40qS0HJxOtoC9Sd9lry,2015-11-12T21:00:06,Nottingham,Southern rodent tick,Ixodes acuminatus
K4Fs8p4nH7x9EUjm7sOe,2014-07-27T17:40:18,Liverpool,Southern rodent tick,Ixodes acuminatus
K7ccFz7V9dJ8Jm496RSz,2019-04-02T17:01:26,Southampton,Tree-hole tick,Ixodes arboricola
K8R27D3M88flP3QkE8C8,2022-06-29T10:37:20,Liverpool,Passerine tick,Dermacentor frontalis
KAKbx5v5GpqDNu5Fq44D,2018-11-24T07:08:32,Glasgow,Tree-hole tick,Ixodes arboricola
KBWZc8RXQUA5BlehiOKk,2018-05-03T13:24:54,Bristol,Passerine tick,Dermacentor frontalis
KE4H6XqCWD1XZMTgPMbb,2012-03-12T19:44:51,Glasgow,Passerine tick,Dermacentor frontalis
KEdnwvE6MQYGscL5aXt3,2017-09-09T02:08:15,Manchester,Passerine tick,Dermacentor frontalis
KMd8Kuhhc8OGaOB0cwy7,2024-04-11T23:47:24,Glasgow,Marsh tick,Ixodes apronophorus
KN1GRXUhweD3uMzYWz9c,2021-02-26T22:40:06,Sheffield,Passerine tick,Dermacentor frontalis
KN1tzAlN0sw5XWqq7Bmb,2018-10-11T14:16:48,Edinburgh,Passerine tick,Dermacentor frontalis
KOxKafBIMhXVDu4F9ILx,2022-03-12T05:37:51,Cardiff,Southern rodent tick,Ixodes acuminatus
KUVmFKOfx42CJt31m7bA,2019-04-01T01:04:58,Sheffield,Passerine tick,Dermacentor frontalis
KWJ0macPKyLhJD0MkyVU,2020-11-22T02:37:42,Sheffield,Passerine tick,Dermacentor frontalis
KYpmerycUmIxrfQEfB0z,2021-03-13T01:03:21,Cardiff,Marsh tick,Ixodes apronophorus
KciNxloIgscOuLLggnT5,2017-01-11T03:55:08,Newcastle,Tree-hole tick,Ixodes arboricola
KgrKpAQkyLLtu28psC40,2012-07-13T00:18:06,Newcastle,Southern rodent tick,Ixodes acuminatus
KpYUVcWhJKsNzMYCykxt,2012-07-14T23:55:19,Liverpool,Tree-hole tick,Ixodes arboricola
KroXf4XBlB39ih6BmXa4,2018-10-08T19:27:01,Cardiff,Tree-hole tick,Ixodes arboricola
KxkGFf6K9ZPWR7zHZCS7,2015-01-28T06:57:30,Liverpool,Fox/badger tick,Ixodes canisuga
KyehuPQ9lKI3yBat64Ey,2018-09-13T03:31:43,Leeds,Tree-hole tick,Ixodes arboricola
L0HuMHK0PI2cWv3XvBSN,2019-06-10T13:42:28,Glasgow,Marsh tick,Ixodes apronophorus
L21gsSkavTojnIuiip4P,2016-07-28T23:39:36,Bristol,Fox/badger tick,Ixodes canisuga
L24cKfajwi1B6as4rZLA,2021-01-13T21:44:12,Nottingham,Southern rodent tick,Ixodes acuminatus
LFf811BVUhR6Kqkcvm6C,2015-12-26T23:18:14,Leicester,Southern rodent tick,Ixodes acuminatus
LIYCcqZ4sMDMWLCapOYW,2016-12-25T20:50:17,Cardiff,Tree-hole tick,Ixodes arboricola
LTnH2QcOJfn4KPBKKsYB,2015-07-21T10:41:00,Liverpool,Passerine tick,Dermacentor frontalis
LTwgWNfUoL7pkD5vV627,2015-08-27T14:06:51,Southampton,Passerine tick,Dermacentor frontalis
LVtxT3FgK2RmCuREo2q6,2015-02-24T05:32:55,Glasgow,Tree-hole tick,Ixodes arboricola
LZ3R7Hj7621w6GnhXskY,2021-09-22T13:13:20,Glasgow,Marsh tick,Ixodes apronophorus
LipDngLgzjL2kGgUTMYQ,2015-08-15T22:10:48,Southampton,Fox/badger tick,Ixodes canisuga
Lj7Rmp75DwQdgIOqRhli,2021-03-08T20:49:52,Sheffield,Fox/badger tick,Ixodes canisuga
LlssYw9JjCTckb9o0Z74,2015-08-28T09:33:56,Nottingham,Southern rodent tick,Ixodes acuminatus
Ls8iNGkafOxq0BssEbIC,2023-02-03T09:50:00,London,Southern rodent tick,Ixodes acuminatus
LtqWS9zdnisxeLymLVou,2012-10-23T09:13:20,Bristol,Marsh tick,Ixodes apronophorus
Lvzn7hihmoCyVNfw8Rw3,2015-06-09T10:38:32,Nottingham,Passerine tick,Dermacentor frontalis
M28JMO91pz8UXy3lI9kg,2014-08-16T15:51:50,Glasgow,Marsh tick,Ixodes apronophorus
M7PMHMUREz50xzWeU7tp,2019-09-07T13:52:05,Edinburgh,Fox/badger tick,Ixodes canisuga
M9L85z9Xhdb1G17k0vvR,2017-03-05T22:04:12,Edinburgh,Marsh tick,Ixodes apronophorus
MHe5XZ23ZwLYMekf3QuR,2019-06-12T19:32:05,Newcastle,Fox/badger tick,Ixodes canisuga
MHybOMsw6ghalrkx2OlN,2024-08-28T08:07:28,Southampton,Passerine tick,Dermacentor frontalis
MIM9FaIEybhkWiVMEaTV,2015-03-30T17:49:54,Nottingham,Fox/badger tick,Ixodes canisuga
MJs0uyrOMj0kcOftlmrO,2014-09-12T22:20:02,London,Fox/badger tick,Ixodes canisuga
MODYJOUo9jVLypQJDwVm,2012-01-09T21:29:11,Birmingham,Southern rodent tick,Ixodes acuminatus
MPQc6aqIlYFnUOE8LlpN,2013-05-15T05:01:12,Nottingham,Marsh tick,Ixodes apronophorus
MSV75FEZyQ19R0TKvV1j,2016-04-17T19:11:02,Manchester,Marsh tick,Ixodes apronophorus
MU4cFOw4JDeAfLqGcVqo,2014-10-02T15:08:16,Glasgow,Passerine tick,Dermacentor frontalis
MY4lwoNR7cDBQm8SBbR5,2022-08-31T07:56:35,Glasgow,Fox/badger tick,Ixodes canisuga
Mcrlh030OZw5VWdI8UdZ,2020-12-19T20:37:20,Edinburgh,Fox/badger tick,Ixodes canisuga
MfEzuLHlq911ndw9WlmL,2018-06-27T10:58:52,Birmingham,Passerine tick,Dermacentor frontalis
MjR9kUJjCb2Hxe61X3Av,2013-09-15T22:59:01,Leeds,Southern rodent tick,Ixodes acuminatus
Mo4JoRxQqceH6bMy3fqN,2017-06-29T03:06:06,Leicester,Passerine tick,Dermacentor frontalis
MqyC1jxKSyTl3eF0Izbg,2013-12-23T23:51:01,Edinburgh,Southern rodent tick,Ixodes acuminatus
MtiwlrClS8xH5ahB95Rh,2018-12-08T15:50:21,Nottingham,Passerine tick,Dermacentor frontalis
MxIrqtI0UbSe2cnYqlII,2020-05-28T02:35:12,Birmingham,Passerine tick,Dermacentor frontalis
MykmZLD5EGFe6ojRSSdT,2017-05-07T11:05:46,Leicester,Marsh tick,Ixodes apronophorus
MzrJZxJYDS6wWK9qLLKa,2016-12-23T16:11:25,Edinburgh,Marsh tick,Ixodes apronophorus
N8JDqnSG1zArbBhaRTrH,2021-02-05T15:32:57,Newcastle,Fox/badger tick,Ixodes canisuga
N8VXpwQ2X1Y2tXR02xXd,2022-08-11T04:38:19,Southampton,Fox/badger tick,Ixodes canisuga
N96ews9k8ZpsdfUcJHFT,2020-11-16T16:22:35,Glasgow,Fox/badger tick,Ixodes canisuga
NChVkkdTKf1Ml2XBuQcX,2012-03-06T22:35:59,Cardiff,Passerine tick,Dermacentor frontalis
NEzia0bWh8BzZeBhYiUd,2023-07-13T22:45:31,Southampton,Tree-hole tick,Ixodes arboricola
NHvuAoUclpa9sUWDNl0q,2021-08-25T17:18:36,Liverpool,Southern rodent tick,Ixodes acuminatus
NIH4Qn6JNwgArvgpKVdw,2014-07-06T08:26:48,Nottingham,Marsh tick,Ixodes apronophorus
NIIjGEngmmmxjQVuI12A,2015-05-02T01:53:53,Southampton,Marsh tick,Ixodes apronophorus
NMvi6cL8q3imjBSewQRk,2015-05-10T20:50:06,Leicester,Tree-hole tick,Ixodes arboricola
NUOOTyC6iq50ShVwudRq,2017-11-08T21:13:39,Edinburgh,Marsh tick,Ixodes apronophorus
NVRIZodO1nDSiQ5Ls74m,2018-07-08T15:25:40,Birmingham,Marsh tick,Ixodes apronophorus
NWGsV7RVmEZp3wj1bIxl,2022-12-04T12:45:44,Southampton,Fox/badger tick,Ixodes canisuga
NYY64XSpeCcxPjoaVhWV,2020-07-10T21:02:16,Newcastle,Fox/badger tick,Ixodes canisuga
NaX0oRZbPKVVotfIMm3M,2013-12-29T14:55:23,Birmingham,Southern rodent tick,Ixodes acuminatus
Nbkno212sADyiXDO9C2Z,2020-12-16T01:41:02,Newcastle,Fox/badger tick,Ixodes canisuga
NiX9S6v7vKzEkjGwmjpn,2013-06-20T23:44:17,Manchester,Fox/badger tick,Ixodes canisuga
Nl2znr65WHeMvzuRtSck,2018-12-25T16:19:25,Liverpool,Passerine tick,Dermacentor frontalis
NmJMyfl2AhO9fHteFTBC,2015-03-05T17:58:29,Nottingham,Passerine tick,Dermacentor frontalis
Nrq6yWse6FWJYaDH2DeC,2014-05-22T10:35:45,London,Passerine tick,Dermacentor frontalis
NrqYwnoPeDmPTQfunl9Z,2023-03-03T00:37:19,Southampton,Marsh tick,Ixodes apronophorus
NsqKCu26xdMA5py4NdTm,2019-02-27T10:45:38,Edinburgh,Fox/badger tick,Ixodes canisuga
NzRAh9Bys6aIoK6R0DGT,2022-08-10T18:28:37,Nottingham,Southern rodent tick,Ixodes acuminatus
O5v4y1JUJ8TonagDIJiV,2019-04-01T01:14:11,Southampton,Tree-hole tick,Ixodes arboricola
O8KJXNlxW87DvuRcGiuD,2012-02-26T23:24:33,Edinburgh,Passerine tick,Dermacentor frontalis
OQfSQ1XuCumottXlDc9H,2018-01-14T13:03:56,Bristol,Tree-hole tick,Ixodes arboricola
Owo79mOrSMA1FEdvOPad,2021-02-09T07:29:40,London,Passerine tick,Dermacentor frontalis
OzaXrTbscahHVtbFP6lH,2019-12-28T01:53:22,Leicester,Fox/badger tick,Ixodes canisuga
P4QqgezEv7lvQHRgNi4s,2018-01-24T09:11:48,Nottingham,Southern rodent tick,Ixodes acuminatus
P4RcgvT0aGIrY5wcoHlZ,2019-05-14T12:08:58,Glasgow,Marsh tick,Ixodes apronophorus
P5NgjYtYtFW3ffg7A3CV,2013-06-02T03:26:03,Liverpool,Marsh tick,Ixodes apronophorus
P7lEgevWcyf4f8gGFxIA,2013-09-22T16:29:54,Newcastle,Tree-hole tick,Ixodes arboricola
PChgl98oKgBl2ufOMVnx,2020-12-06T23:39:05,Cardiff,Passerine tick,Dermacentor frontalis
PDIAFN2zMkrkA1CPELRH,2016-05-07T18:26:03,Nottingham,Southern rodent tick,Ixodes acuminatus
PKTNTwQChc3ftjBnDHZu,2016-07-27T04:43:31,Liverpool,Marsh tick,Ixodes apronophorus
PLXp8OveG1forG7wdxw1,2021-12-16T13:23:29,Nottingham,Southern rodent tick,Ixodes acuminatus
PYbn1uI7kY8DUIZhPhwU,2023-11-04T13:31:18,Bristol,Passerine tick,Dermacentor frontalis
Pbt56iOYPDE1LNzGtKfG,2021-11-06T06:03:34,Birmingham,Marsh tick,Ixodes apronophorus
PcybtjIc0yK4JwE1RHcc,2014-12-06T23:27:34,Sheffield,Passerine tick,Dermacentor frontalis
PeS49k1UBWSzpdhEeOPo,2014-10-06T09:23:11,Edinburgh,Marsh tick,Ixodes apronophorus
Pf7hGU9Blam4UuIaLx0U,2016-08-01T08:34:55,Leicester,Passerine tick,Dermacentor frontalis
Ps9EXYHAMpDQJxWyfjJW,2012-04-06T02:13:21,Southampton,Marsh tick,Ixodes apronophorus
Pt8q33VTOMMs5vwZksSP,2018-07-23T18:04:49,Manchester,Southern rodent tick,Ixodes acuminatus
PvnBfdp00ggOFB4S47E2,2022-07-18T01:42:14,Bristol,Marsh tick,Ixodes apronophorus
Q2GQId7YuGQcsiDckc9x,2015-10-31T21:44:04,Birmingham,Fox/badger tick,Ixodes canisuga
Q2Uu4nErrOta0O6hi6Z4,2014-12-19T11:51:09,London,Marsh tick,Ixodes apronophorus
Q3Lb39ZVb8iKc0i2bh7J,2021-06-19T12:34:14,Manchester,Southern rodent tick,Ixodes acuminatus
Q3TuHAQSLgkc8v41PA2w,2023-05-17T11:54:49,Nottingham,Marsh tick,Ixodes apronophorus
Q8LcWuL0YBkwBb4KTBSO,2014-04-21T15:20:59,Nottingham,Southern rodent tick,Ixodes acuminatus
QDZ3j2i5qxuv9qZNuXrn,2021-09-24T12:43:55,Liverpool,Tree-hole tick,Ixodes arboricola
QHtdU9t0ORH04X2EN7pq,2015-10-11T01:59:18,London,Southern rodent tick,Ixodes acuminatus
QRTihy6qYgzEaRdWaNLy,2017-12-20T12:29:46,London,Passerine tick,Dermacentor frontalis
QUH9aKMRXOkJMvTS1set,2014-01-28T00:35:34,Liverpool,Fox/badger tick,Ixodes canisuga
QhckiNu8et1OsMqobu8A,2019-06-15T02:42:10,Leeds,Fox/badger tick,Ixodes canisuga
QjJe5m6cQIP7ElAHaOuv,2023-05-12T03:08:47,Birmingham,Marsh tick,Ixodes apronophorus
Qja61JLngwkuAxn62eXE,2015-12-05T06:49:20,Leeds,Passerine tick,Dermacentor frontalis
QkYujbeBRckFiPFB03YG,2024-03-13T01:18:27,Southampton,Southern rodent tick,Ixodes acuminatus
R2gB79b7qDQQLPKcDRSO,2017-06-17T03:07:55,Sheffield,Fox/badger tick,Ixodes canisuga
R5YPrUYo2i4FcHDKiovX,2020-08-24T13:38:46,Bristol,Passerine tick,Dermacentor frontalis
R9HFV3dddlm6f9BtdAIo,2018-07-19T10:55:53,Manchester,Tree-hole tick,Ixodes arboricola
REWT5KqcfASeZFsst5Ml,2013-12-23T00:50:28,Glasgow,Southern rodent tick,Ixodes acuminatus
RKKviq68whgZqyzu1DWf,2018-02-13T00:20:23,Manchester,Southern rodent tick,Ixodes acuminatus
RPHn7T7r5dCUSfrTiW7o,2021-04-12T16:03:49,Sheffield,Passerine tick,Dermacentor frontalis
RPTtZEkOF7GKDhJRi2XJ,2017-06-30T17:07:32,London,Marsh tick,Ixodes apronophorus
RR2RX7hOgpedaIRrf7g9,2023-01-17T09:29:06,London,Tree-hole tick,Ixodes arboricola
RRwts66Q9jVNc84666nC,2016-04-21T16:43:38,London,Passerine tick,Dermacentor frontalis
RSocILpYMa6IG7DJDdSE,2018-11-19T07:53:07,Birmingham,Tree-hole tick,Ixodes arboricola
RWIlYmTGxSS2GAFG45sL,2015-04-04T18:14:50,Leeds,Southern rodent tick,Ixodes acuminatus
RY3kdsWCT4a7HHZSFdn1,2022-09-06T22:41:29,Edinburgh,Fox/badger tick,Ixodes canisuga
RYhoeFOcfCjg1pURvkhp,2012-03-13T03:31:39,Leeds,Marsh tick,Ixodes apronophorus
RkSd6mhhd9oTRuTeKrmK,2017-01-13T14:53:34,Sheffield,Marsh tick,Ixodes apronophorus
RlSvGNTyqlddtiVQ2CF2,2023-06-02T11:46:47,Nottingham,Southern rodent tick,Ixodes acuminatus
Rm6El8DBtbOzO3uyw8i4,2014-12-13T15:04:33,London,Southern rodent tick,Ixodes acuminatus
RnSpVb0K9iJEosUDfah1,2018-09-12T13:05:24,Southampton,Southern rodent tick,Ixodes acuminatus
RsimxKYXbujbRgp4ZvRY,2019-08-08T00:13:01,London,Marsh tick,Ixodes apronophorus
Rxxb163HwD4KgxBRb7CJ,2023-02-18T09:17:17,Leeds,Passerine tick,Dermacentor frontalis
Ryi8D1cvb12gDVGD86Z0,2019-08-06T05:28:17,Leeds,Passerine tick,Dermacentor frontalis
S1jE6Ibzu9QnHojSUDM1,2019-10-27T00:52:57,Cardiff,Tree-hole tick,Ixodes arboricola
S2p28UBZxjM8sT2wKXLh,2012-09-04T06:24:07,Nottingham,Southern rodent tick,Ixodes acuminatus
S3f8sdNWFLtTgAXlDC4u,2024-09-18T15:17:24,Bristol,Fox/badger tick,Ixodes canisuga
S8DntEv5IcovpGUW8mvz,2015-02-07T19:35:57,Leicester,Tree-hole tick,Ixodes arboricola
S9O0X1VDVMyRU0IDQYvV,2015-06-15T18:08:42,Nottingham,Marsh tick,Ixodes apronophorus
SEGSVWw1s0YzqsAjCbyj,2021-09-23T21:41:48,Edinburgh,Marsh tick,Ixodes apronophorus
SIQ8Ou0QGQoOhxDgsNX7,2020-10-25T04:45:34,Southampton,Passerine tick,Dermacentor frontalis
SIa8in9RI3GBRNPvc7hP,2017-09-09T22:03:22,London,Marsh tick,Ixodes apronophorus
SP2ErFEQniZMZ4ixW9K9,2023-04-08T02:41:39,Leeds,Passerine tick,Dermacentor frontalis
SP7kgRoPTmloWj8zEak5,2013-01-08T15:44:12,Birmingham,Southern rodent tick,Ixodes acuminatus
SUzL86fTG7KMrympCsGE,2021-04-25T15:36:14,Cardiff,Passerine tick,Dermacentor frontalis
SW8tHE8CAgwBRm0SL6Y8,2018-04-17T15:32:37,Cardiff,Passerine tick,Dermacentor frontalis
Sanrw1L3Ezqnomr7BhXW,2021-12-23T06:22:50,Birmingham,Tree-hole tick,Ixodes arboricola
SbIuGoEWGy7G35098F4E,2012-02-16T21:40:11,Leeds,Marsh tick,Ixodes apronophorus
SbkrKYCKt67JtyoaXO50,2024-05-17T01:38:19,Edinburgh,Passerine tick,Dermacentor frontalis
Sc0iHJgbZdEI5pVLq25I,2017-09-10T15:22:21,Liverpool,Tree-hole tick,Ixodes arboricola
SdJUQEc97S9mB6QYd6DO,2019-07-14T11:32:39,Manchester,Tree-hole tick,Ixodes arboricola
SieaANJiDLOGMzeJN9il,2022-11-22T12:58:19,Nottingham,Fox/badger tick,Ixodes canisuga
StbFKwg5Zdx42DlgUaVb,2015-12-11T05:56:50,Bristol,Tree-hole tick,Ixodes arboricola
SuhVPGoA7RUxS8TVxmFu,2013-08-12T06:50:38,Newcastle,Passerine tick,Dermacentor frontalis
Sx7xG0zJe5SRSqJG5h9Y,2014-01-21T23:56:36,London,Passerine tick,Dermacentor frontalis
SzwbBFGbaImV0T4LW2rG,2024-07-05T06:44:51,Southampton,Marsh tick,Ixodes apronophorus
T1y5jHL1FcoH4LDgZo6X,2019-10-15T06:08:13,Liverpool,Southern rodent tick,Ixodes acuminatus
T7h6w44ZUuPHTVUiC3aw,2021-09-18T20:32:54,Newcastle,Fox/badger tick,Ixodes canisuga
T9DVmtxedNDwma6D8H5U,2023-05-05T03:50:06,Sheffield,Passerine tick,Dermacentor frontalis
TEIw12L3JAEg2maH26f5,2017-09-19T11:34:50,Nottingham,Fox/badger tick,Ixodes canisuga
TgZKtI0CG6Clr7yyrcFl,2015-11-29T00:00:28,Liverpool,Southern rodent tick,Ixodes acuminatus
UB17IA9O1EtRAuGYgiI1,2015-06-17T12:51:50,Bristol,Tree-hole tick,Ixodes arboricola
UBHmG7Eso2fDNgkPN7Gs,2016-02-07T13:52:25,Edinburgh,Southern rodent tick,Ixodes acuminatus
UEJAz95MqmT0T6mGmLAv,2019-01-12T20:24:18,Sheffield,Southern rodent tick,Ixodes acuminatus
UJ6Db2lbdMovdp0HGVmW,2023-02-06T18:17:10,Glasgow,Tree-hole tick,Ixodes arboricola
UOFs2LXNQhzLHtARw0Ej,2024-08-29T07:02:03,Sheffield,Fox/badger tick,Ixodes canisuga
UPJcBmWvVMYjWyoj7PJ2,2015-10-11T06:43:43,Edinburgh,Tree-hole tick,Ixodes arboricola
UYbrMHMdmM92p9yoMu4w,2020-09-01T04:17:38,London,Fox/badger tick,Ixodes canisuga
UaHeQlAIuqp7u4mo3xBd,2023-02-23T22:13:32,Cardiff,Southern rodent tick,Ixodes acuminatus
UefEW8QH90qhBnyXsmqS,2015-06-13T02:11:15,Edinburgh,Marsh tick,Ixodes apronophorus
UjXk60DdGGhB9fXyQycu,2017-08-03T15:11:24,Manchester,Tree-hole tick,Ixodes arboricola
UpFq4j9SEeQ4qhNW9C0m,2013-12-23T04:25:43,Newcastle,Southern rodent tick,Ixodes acuminatus
VEJdN3oB1MqWeQ3J32Yg,2015-12-09T19:27:55,Glasgow,Fox/badger tick,Ixodes canisuga
VIgAP58B7wR6mhNq9sUu,2023-07-03T07:06:52,Leeds,Passerine tick,Dermacentor frontalis
VJcJvQWs86GiANz93w7E,2013-04-08T16:41:24,Cardiff,Southern rodent tick,Ixodes acuminatus
VK2jIKfaIOuvStej7j1g,2015-11-16T12:15:16,London,Marsh tick,Ixodes apronophorus
VSYu41t9YrjtK4ceyDIG,2023-01-15T21:43:20,Nottingham,Passerine tick,Dermacentor frontalis
VUUvfoUTHmJei6sDcyu9,2019-06-15T21:54:47,Bristol,Passerine tick,Dermacentor frontalis
VV8ZX1Rk0FXyBcDM55h5,2012-05-25T02:32:13,Sheffield,Tree-hole tick,Ixodes arboricola
VXDs139na67TnBL52fUm,2024-03-06T21:52:36,Nottingham,Southern rodent tick,Ixodes acuminatus
VcHiXzaJ71yQFOcJTlP4,2017-09-26T02:28:29,Southampton,Tree-hole tick,Ixodes arboricola
VhTxqptf2N7wLOU8441L,2024-06-09T09:10:15,Bristol,Passerine tick,Dermacentor frontalis
VhuU7Xh900Wofv1OTbzw,2012-12-11T11:18:35,Nottingham,Fox/badger tick,Ixodes canisuga
ViVrgZ2PxFSokGkZlS5D,2021-07-31T19:24:24,London,Marsh tick,Ixodes apronophorus
WFXHYAiEyCHmKUUrnuo7,2017-02-07T14:45:48,Glasgow,Marsh tick,Ixodes apronophorus
WLoKQlCc6jXzjvp9cz4P,2020-12-17T02:08:00,Southampton,Fox/badger tick,Ixodes canisuga
WTchOPSD8sGZ8hJiwBBR,2014-01-30T09:52:48,Sheffield,Marsh tick,Ixodes apronophorus
Wf6yH4ir9cQg5Bij3dfD,2020-08-27T03:17:49,Leeds,Passerine tick,Dermacentor frontalis
WoAAUYMvcyusSmjfYRYM,2021-11-03T14:51:15,Sheffield,Passerine tick,Dermacentor frontalis
Wr4bV3Re1zGCLmZTUiwb,2021-07-01T06:03:24,Sheffield,Marsh tick,Ixodes apronophorus
X0c832ZZSeaGKmb7dwkB,2018-02-13T03:59:43,Nottingham,Passerine tick,Dermacentor frontalis
X6n1au6cDU1WGmXvS48h,2020-08-28T18:36:35,London,Marsh tick,Ixodes apronophorus
XEgICCnrwqF4wdiDqfuL,2023-05-28T02:42:56,Glasgow,Marsh tick,Ixodes apronophorus
XF6pUxX7Wkw2WfzRAO7s,2017-07-14T05:18:47,Birmingham,Passerine tick,Dermacentor frontalis
XG9yTa7wEwaHkhfNTfVI,2017-08-04T12:32:38,Sheffield,Passerine tick,Dermacentor frontalis
XXanBmXiHvZkJfQLTIY7,2012-09-24T12:06:55,Liverpool,Tree-hole tick,Ixodes arboricola
Xhzc0Qm7yHr0KW7hGEBv,2020-01-12T12:44:15,Glasgow,Marsh tick,Ixodes apronophorus
XnpF1cFW4xptVAieGp9l,2014-09-28T06:50:44,Newcastle,Tree-hole tick,Ixodes arboricola
XzQuNC7pzZFFl3hZGI5b,2016-07-09T10:54:45,Liverpool,Tree-hole tick,Ixodes arboricola
Y6FgBIJdg0lr9gjnvj5z,2022-08-13T07:01:32,Birmingham,Marsh tick,Ixodes apronophorus
Y70gsw3EbOEF9rsUG3oS,2022-09-17T05:02:54,Manchester,Marsh tick,Ixodes apronophorus
YAQPqcjZsugM4GDinYde,2016-09-02T20:24:30,Liverpool,Passerine tick,Dermacentor frontalis
YEBzydoyDCYkq8CVy8xz,2020-05-01T03:17:01,Leeds,Passerine tick,Dermacentor frontalis
YQ3Mfdm7FjdUPSNdU8nm,2015-12-19T19:01:54,Cardiff,Passerine tick,Dermacentor frontalis
YSPwzA0KXvOZBro3wEA3,2016-08-14T11:12:00,Nottingham,Marsh tick,Ixodes apronophorus
YWLqmEEDwDA5cRTKCpPl,2018-01-05T13:41:31,London,Passerine tick,Dermacentor frontalis
YYy6EIM7XhqeWI6OiRuH,2024-02-29T02:51:15,Leeds,Passerine tick,Dermacentor frontalis
YdApzi4p6xcN4uW88k8p,2018-04-13T13:56:31,Leeds,Tree-hole tick,Ixodes arboricola
Yf7iIzb9LzvmIiZYUpBP,2015-12-01T18:04:38,Liverpool,Southern rodent tick,Ixodes acuminatus
Yo3gv3haQuhbo6IuZUmB,2013-03-11T09:14:38,Liverpool,Marsh tick,Ixodes apronophorus
YrKKTzzhz2gP1rX3j2DM,2015-10-07T07:11:30,Liverpool,Southern rodent tick,Ixodes acuminatus
Ysk9YlCgjdTwagDYcLLr,2013-06-19T02:56:17,Leeds,Marsh tick,Ixodes apronophorus
YwFCOeRmycVLgsoupxXs,2015-03-18T15:07:21,Sheffield,Tree-hole tick,Ixodes arboricola
YwSwSKm7KE7JpjrdkvCl,2012-07-02T14:27:07,Edinburgh,Southern rodent tick,Ixodes acuminatus
Yxkf3q0MjVrqSUsZzbwl,2015-07-02T03:16:58,London,Tree-hole tick,Ixodes arboricola
Yy6TK974FssktnQYgeah,2017-06-01T23:27:58,Bristol,Fox/badger tick,Ixodes canisuga
YyYDL6T8CDc6Fo6eUGbN,2015-02-02T22:26:28,Manchester,Fox/badger tick,Ixodes canisuga
Z1UTXtiivybt9Ox5vBka,2015-08-03T00:40:10,Sheffield,Fox/badger tick,Ixodes canisuga
Z3AAEMzF4uEqEjYfwGRf,2013-03-06T00:06:13,Leicester,Marsh tick,Ixodes apronophorus
Z4CMdXs4IpqgLhIvgtNo,2022-09-03T17:07:32,Bristol,Tree-hole tick,Ixodes arboricola
Z7i4Ap3pjDmhxZk94QLu,2014-07-15T17:24:34,Cardiff,Tree-hole tick,Ixodes arboricola
ZIJJQmSGYu91ay30YbrF,2023-04-10T01:32:31,Birmingham,Passerine tick,Dermacentor frontalis
ZLExmdsaMwnv9l36XmH5,2018-09-21T17:28:01,Southampton,Southern rodent tick,Ixodes acuminatus
ZOMg7mCcACN4A3BnGweq,2024-02-04T13:30:33,Newcastle,Southern rodent tick,Ixodes acuminatus
ZSUnj6IBOVKudEPjhIpY,2018-01-10T15:17:16,Nottingham,Fox/badger tick,Ixodes canisuga
ZU44YVB5De45ZxJapwvi,2024-11-17T07:40:51,Newcastle,Marsh tick,Ixodes apronophorus
ZUT3XVKMqXdWjlAzZg9L,2023-02-13T03:36:29,Cardiff,Passerine tick,Dermacentor frontalis
ZXxbxaCr2PyqgAUujw4d,2012-11-23T18:22:36,Nottingham,Fox/badger tick,Ixodes canisuga
ZcCCJVpIlgfPX1KPkX9i,2016-03-01T09:28:37,Leicester,Marsh tick,Ixodes apronophorus
ZeFKViV8tskTtoGYEe60,2012-08-28T11:25:59,Southampton,Fox/badger tick,Ixodes canisuga
ZfppZlFvYMqr9FcDttmu,2014-10-05T23:25:03,Sheffield,Passerine tick,Dermacentor frontalis
ZgQv0RPsLFTgZ3BSWjtl,2024-05-02T06:27:49,Glasgow,Passerine tick,Dermacentor frontalis
ZjWH69Zklwlz8hOvfOUJ,2017-06-06T00:54:12,Bristol,Fox/badger tick,Ixodes canisuga
ZlYElrJz99D9ReG9MZ74,2022-02-27T08:35:36,Manchester,Marsh tick,Ixodes apronophorus
Zojo3wSCPL0hBNIMHeny,2015-02-09T22:06:52,Bristol,Marsh tick,Ixodes apronophorus
Zq4puJGmwZEre8nY9SZ5,2019-12-22T13:21:32,Southampton,Southern rodent tick,Ixodes acuminatus
ZqZWzvsvbpezAscUTU1T,2021-12-01T12:20:08,Birmingham,Passerine tick,Dermacentor frontalis
Zt3sufhZaf1NIZk8FBun,2019-03-17T08:28:51,Bristol,Passerine tick,Dermacentor frontalis
ZwgC8qSB2hppBh4cnKt6,2017-07-20T18:59:41,Cardiff,Marsh tick,Ixodes apronophorus
ZxIgHlFn4WhZFPBS3CBy,2012-08-12T10:39:44,Glasgow,Passerine tick,Dermacentor frontalis
ZxZErv884fSgqrXnyVCU,2020-11-08T01:01:38,Birmingham,Southern rodent tick,Ixodes acuminatus
ZzTrsTXOlqLadvTAVVSH,2022-03-15T16:29:13,Manchester,Passerine tick,Dermacentor frontalis
a2lGJfsBzUgV0CLClmqo,2020-01-20T04:21:46,Southampton,Marsh tick,Ixodes apronophorus
a8d9FiCKsP6857gvEDKc,2015-01-19T09:19:41,Liverpool,Passerine tick,Dermacentor frontalis
aABOUyyyfNKf9ba8s9un,2024-03-28T10:11:17,Edinburgh,Passerine tick,Dermacentor frontalis
aAtF4ayfXlA6NgfSJBeo,2017-10-30T06:06:10,Nottingham,Fox/badger tick,Ixodes canisuga
aGLWEbTuIjion51zmJtm,2024-05-14T07:06:31,Manchester,Marsh tick,Ixodes apronophorus
aI3eNTq4eWwOsLrTsyoJ,2022-11-13T18:06:39,Birmingham,Passerine tick,Dermacentor frontalis
aIEBQ6Jj2ai6iVx4l3dl,2018-07-22T22:25:12,Nottingham,Marsh tick,Ixodes apronophorus
aUtasS16b4LDPs7sNM6H,2014-02-01T07:29:03,Birmingham,Fox/badger tick,Ixodes canisuga
aXWdsw1UK7XvWoxWsEaZ,2013-04-12T00:54:30,Edinburgh,Fox/badger tick,Ixodes canisuga
aa2mcnLQjrrrMPMiQVA0,2017-08-01T07:23:19,Birmingham,Southern rodent tick,Ixodes acuminatus
afdoemCDFY25zVCJMv72,2013-09-04T13:17:57,Cardiff,Tree-hole tick,Ixodes arboricola
affWSPHbBB7UVczrpMAf,2024-12-23T06:39:02,Manchester,Southern rodent tick,Ixodes acuminatus
ah65fLip1gtpeO3NM6Pl,2020-07-31T11:39:19,Newcastle,Southern rodent tick,Ixodes acuminatus
aiJdkuW11kqcI3whhUBX,2012-08-09T08:28:49,Manchester,Passerine tick,Dermacentor frontalis
ak5XMKqmLa2S47N2AtwK,2019-02-24T18:57:39,Leeds,Marsh tick,Ixodes apronophorus
amJcbzHtGSbXwRYTiRIe,2014-06-18T23:03:12,London,Tree-hole tick,Ixodes arboricola
amJsZGHUMc8ZiIQA7ybZ,2017-10-18T02:32:27,Glasgow,Marsh tick,Ixodes apronophorus
at8DyTOxkvxoYPsAgp1x,2016-11-29T02:29:21,Manchester,Fox/badger tick,Ixodes canisuga
ayoIraRlZW4gtkUyV8UN,2016-06-24T10:02:06,Leeds,Southern rodent tick,Ixodes acuminatus
b062APnJGuqXoQRg9yf1,2021-12-23T22:19:54,Nottingham,Southern rodent tick,Ixodes acuminatus
b1SOOCLWzwAdzOpZuL7x,2018-07-21T16:28:23,Glasgow,Passerine tick,Dermacentor frontalis
b4HtlCMYx8QaveCuVaq1,2017-03-04T09:45:52,Nottingham,Tree-hole tick,Ixodes arboricola
b9qimwpCQXNHSxOOdhbl,2024-02-22T04:12:55,Edinburgh,Marsh tick,Ixodes apronophorus
b9qnPji0CrdIvb21x7wd,2017-10-02T04:10:52,Sheffield,Tree-hole tick,Ixodes arboricola
bHRuSRQQzl4Cg0yYcEiC,2024-02-06T05:06:28,Liverpool,Passerine tick,Dermacentor frontalis
bKbbFlOQzViSTKFk3XNJ,2021-12-17T04:25:28,Cardiff,Fox/badger tick,Ixodes canisuga
bQErgW9gwJlW9eXbT45x,2013-08-30T07:36:43,Leicester,Tree-hole tick,Ixodes arboricola
bTrvoR9KUIOpgsWIubN4,2019-01-14T08:09:34,Edinburgh,Southern rodent tick,Ixodes acuminatus
bY1I3QNBY15iTH6X5JSy,2021-10-12T16:53:08,Bristol,Fox/badger tick,Ixodes canisuga
baknOjdKDYF2oNmtfL6q,2022-07-17T04:22:02,Edinburgh,Southern rodent tick,Ixodes acuminatus
bjgCNFIrXiTJVF1uj1Px,2019-07-06T06:58:42,Liverpool,Southern rodent tick,Ixodes acuminatus
bn2QczQeQ5spzADJnepj,2018-08-17T05:38:11,Glasgow,Tree-hole tick,Ixodes arboricola
bocX9wijAxDqtLnTJwQe,2023-11-07T08:21:48,Liverpool,Passerine tick,Dermacentor frontalis
brndliVZbSLLJIxwJunf,2013-07-04T12:01:16,Nottingham,Marsh tick,Ixodes apronophorus
c1hofVj89dhbUuVPBKV2,2020-12-09T20:00:56,Bristol,Marsh tick,Ixodes apronophorus
c1rQLWCGrk5BbpN8oSI5,2016-07-15T21:39:21,Birmingham,Tree-hole tick,Ixodes arboricola
c7OwRKYAfAuI3piSwG42,2022-12-16T01:26:07,Leicester,Passerine tick,Dermacentor frontalis
c8vn1RaiDVB46lgg5vbG,2023-06-25T07:20:06,Newcastle,Passerine tick,Dermacentor frontalis
cBPjSJ4DmnfeAPnPeV5k,2022-12-18T04:25:10,Liverpool,Passerine tick,Dermacentor frontalis
cIVwSzPKINvTbcm2XV98,2020-05-03T12:56:44,Birmingham,Passerine tick,Dermacentor frontalis
cKtX8rc4218HisSImyYP,2014-05-20T16:01:09,Sheffield,Marsh tick,Ixodes apronophorus
cOuA7aseSH9CqugI6JYq,2018-11-25T20:36:21,Bristol,Southern rodent tick,Ixodes acuminatus
cR4KGuqHfhVX2nIqB5AC,2015-01-29T01:46:15,Cardiff,Tree-hole tick,Ixodes arboricola
cRExsbZmfjZ4rNEEejf5,2024-06-04T09:15:23,Cardiff,Marsh tick,Ixodes apronophorus
cmomvSsNHNbJmjS59YGc,2021-07-16T15:13:50,Edinburgh,Fox/badger tick,Ixodes canisuga
czhlbDCviOsNpjbbKzXd,2012-10-04T18:17:06,Leeds,Fox/badger tick,Ixodes canisuga
d6qJsil45owbLEzNEDs2,2018-01-23T18:12:47,Nottingham,Tree-hole tick,Ixodes arboricola
d74P3JqEXVrJkGODqO5e,2012-07-08T01:37:18,Newcastle,Passerine tick,Dermacentor frontalis
d7z42BQsSfeeyt6dCn3f,2020-11-26T06:32:00,Liverpool,Marsh tick,Ixodes apronophorus
dCWdEjQ6RrcsnSP8G7nZ,2015-12-18T08:09:03,Cardiff,Marsh tick,Ixodes apronophorus
dE7Vs9WaVRjQNA6T9rEl,2019-05-17T16:33:45,Edinburgh,Marsh tick,Ixodes apronophorus
dEtBKILZrtVli6ijuZmZ,2015-10-13T13:05:54,Glasgow,Fox/badger tick,Ixodes canisuga
dFChDx2mevpRdaNVwiEG,2018-04-08T18:02:41,Cardiff,Passerine tick,Dermacentor frontalis
dFaensEuXRAelfCSBxO2,2024-07-18T18:15:32,London,Tree-hole tick,Ixodes arboricola
dKLXu0wZpgi692l9m5Zc,2012-12-28T11:15:01,Birmingham,Passerine tick,Dermacentor frontalis
dV9s3G8Wqp2WmFq5EONw,2021-11-16T18:28:35,Nottingham,Fox/badger tick,Ixodes canisuga
dVTCmfGlJhgSEsPgJHRN,2024-08-22T06:11:08,Southampton,Fox/badger tick,Ixodes canisuga
dbLMb8VShDS9UXQK3wjc,2024-02-22T08:01:16,Cardiff,Marsh tick,Ixodes apronophorus
dcdXBgt5ygqnsZdvCGKN,2023-04-26T13:30:04,Nottingham,Fox/badger tick,Ixodes canisuga
dgbhO0QPLGKBN22W6cpU,2021-03-20T03:56:21,Liverpool,Fox/badger tick,Ixodes canisuga
dhnSu6bGaRyqAR1Efynt,2023-02-19T10:57:13,Leicester,Marsh tick,Ixodes apronophorus
dlZjhHqGj3gyUmAkdGBp,2015-12-07T06:16:10,Sheffield,Marsh tick,Ixodes apronophorus
dnNM8mu5MgXR8UFze0cA,2022-11-18T08:57:51,Liverpool,Fox/badger tick,Ixodes canisuga
doxC3AvGsbkcuqEK5Zxu,2015-12-18T10:04:13,Glasgow,Passerine tick,Dermacentor frontalis
drelGkBlZdCbBt2yGJ7U,2020-03-04T23:01:37,Cardiff,Fox/badger tick,Ixodes canisuga
duhLE5oUxFSDMmGQwobm,2019-06-22T02:20:51,Manchester,Passerine tick,Dermacentor frontalis
dyTdKg1awLcIxfIhqyWU,2014-11-26T12:41:17,Nottingham,Passerine tick,Dermacentor frontalis
e1matcjBvRlB76t5Fd5E,2013-03-24T23:22:52,Newcastle,Tree-hole tick,Ixodes arboricola
e34AdXaZ8balEINviMnX,2012-02-09T22:06:30,Birmingham,Fox/badger tick,Ixodes canisuga
e6rsfodIkBtQQH4e2BiD,2013-02-14T06:01:21,Newcastle,Southern rodent tick,Ixodes acuminatus
e6tbRIFyltMoBxLXMX90,2013-12-23T16:17:08,London,Fox/badger tick,Ixodes canisuga
eAZjRDHT5hlrRAQfLUvy,2015-03-27T07:14:36,Newcastle,Tree-hole tick,Ixodes arboricola
eCdH9oLtvPcyRwHgdVeq,2024-08-05T18:26:09,Southampton,Passerine tick,Dermacentor frontalis
ecEd2z4RwHEJJum4wHOo,2013-01-05T13:44:03,Glasgow,Passerine tick,Dermacentor frontalis
efM3hIfRiOzVSZwrPS0m,2017-09-29T13:58:38,Newcastle,Passerine tick,Dermacentor frontalis
ejfVmgF5fsGQBK4ovfOX,2015-04-07T14:18:14,Bristol,Marsh tick,Ixodes apronophorus
ejnyhBc0tUnoeo2FUPi9,2013-08-07T04:01:04,Bristol,Fox/badger tick,Ixodes canisuga
f64PnB4dtR23Nxp67VR2,2019-09-25T13:59:52,Nottingham,Passerine tick,Dermacentor frontalis
f6ldSaYc7P8AJbA8O7wJ,2015-10-10T12:46:29,Southampton,Southern rodent tick,Ixodes acuminatus
f9hVgw8yNbpXpx2mm0HE,2013-09-10T00:51:31,Nottingham,Fox/badger tick,Ixodes canisuga
fBMQkI2wFCp5SRzKFQm1,2022-05-14T22:06:33,Nottingham,Passerine tick,Dermacentor frontalis
fBwyQZTMY1PrNSfrI4Zh,2021-06-08T00:05:04,Edinburgh,Passerine tick,Dermacentor frontalis
fCWyinzxGKBaRsRJC654,2013-10-03T05:52:55,Southampton,Southern rodent tick,Ixodes acuminatus
fHlDml3EJip0xDUfVRY6,2017-06-24T05:07:19,Sheffield,Marsh tick,Ixodes apronophorus
fJgivXeKY7D82ijGc1zy,2022-10-01T05:04:14,Leeds,Passerine tick,Dermacentor frontalis
fND8oqrdassrPfr7WTCR,2024-08-20T22:52:13,Glasgow,Passerine tick,Dermacentor frontalis
fZ37VXdcHn91pST2FFwi,2015-07-06T14:42:13,Newcastle,Fox/badger tick,Ixodes canisuga
fZo64TPqu9vcw47T28Nm,2013-08-23T02:52:43,Newcastle,Marsh tick,Ixodes apronophorus
fhpi12COUkTyMLGA8e71,2023-12-11T16:35:06,Manchester,Tree-hole tick,Ixodes arboricola
fjJyZs4YlOpRlGAFgDlf,2019-04-13T02:03:21,London,Fox/badger tick,Ixodes canisuga
g1eBRHhCcEcirRTkrigK,2016-10-04T18:38:00,Cardiff,Fox/badger tick,Ixodes canisuga
g42DmGoM8dDPOcpUEuoF,2021-08-15T20:40:58,Edinburgh,Marsh tick,Ixodes apronophorus
g741PfqbJ5ovgBDapSLz,2016-05-03T10:34:25,Edinburgh,Fox/badger tick,Ixodes canisuga
g8ACvfJ9Zv4CnfvNWG9F,2019-05-12T00:30:51,London,Passerine tick,Dermacentor frontalis
gBo8rP0FeL7fVlBeGstO,2013-09-15T21:50:22,London,Fox/badger tick,Ixodes canisuga
gD0wzpv4wb99ShG4lajP,2017-12-02T17:54:08,Glasgow,Fox/badger tick,Ixodes canisuga
gGXXfRChVwUu5HXV6n1s,2012-02-11T03:28:53,Leicester,Fox/badger tick,Ixodes canisuga
gLawkwnqChU4VLprfJBK,2022-10-20T12:28:41,Birmingham,Passerine tick,Dermacentor frontalis
gLxMbOJPFUJA5CDErIXf,2016-05-16T08:17:46,Newcastle,Passerine tick,Dermacentor frontalis
gMjI1QGSQ0fddeAYTFJc,2023-12-19T06:20:56,Bristol,Tree-hole tick,Ixodes arboricola
gOqjzzXTj1HbTQCfJmqw,2015-01-18T05:02:52,Nottingham,Passerine tick,Dermacentor frontalis
gYGfMhEeS6Nv4Oscjyfh,2012-05-01T01:47:15,Edinburgh,Passerine tick,Dermacentor frontalis
gdpb38lLZJYolXMYDojp,2019-03-25T11:22:26,Leeds,Tree-hole tick,Ixodes arboricola
gf1QBgWObeWR9wBsKvKk,2018-03-21T12:30:35,Liverpool,Fox/badger tick,Ixodes canisuga
gg7QTScQANglI2Qv0Gvw,2014-02-28T07:47:16,Cardiff,Southern rodent tick,Ixodes acuminatus
gi41i4LD7a8z1T2JoVk2,2023-03-11T19:03:32,Manchester,Fox/badger tick,Ixodes canisuga
h3tKV2fydA7ieovlAUPj,2013-09-27T00:24:59,London,Fox/badger tick,Ixodes canisuga
h8Qd91ekoF5XzmX3zEZI,2023-02-16T00:36:27,London,Southern rodent tick,Ixodes acuminatus
hBDk2SV5VKr6XaKLHMrD,2016-07-21T12:34:22,Nottingham,Tree-hole tick,Ixodes arboricola
hBdKD2gPCKJ1eqHdir08,2016-11-23T22:03:59,Leicester,Southern rodent tick,Ixodes acuminatus
hLfJFsnPxeBOsrbQUVtL,2023-11-24T21:28:09,Leeds,Passerine tick,Dermacentor frontalis
hNUiO5Nx4zewL7HBPsSW,2017-02-10T08:55:57,Edinburgh,Tree-hole tick,Ixodes arboricola
hPWVJik1nIneZKeSfRyD,2022-02-22T17:26:33,London,Tree-hole tick,Ixodes arboricola
hPeGy6h2gz3emC6UycfC,2015-12-19T23:19:00,Nottingham,Southern rodent tick,Ixodes acuminatus
hQL5KLQZoLV9Dk69QLMA,2018-01-22T06:05:29,Cardiff,Southern rodent tick,Ixodes acuminatus
ha5el3ef6pfPSq1iZh6f,2022-07-03T00:46:12,Newcastle,Fox/badger tick,Ixodes canisuga
hhaKxITwXylGIVSsWXiT,2017-04-23T08:47:35,Liverpool,Fox/badger tick,Ixodes canisuga
hj9m8bqMUt7rZ6jjoDYC,2012-10-11T10:07:18,Bristol,Fox/badger tick,Ixodes canisuga
hqD7YiGFNi09rc5OAtdD,2020-08-05T13:40:01,Leeds,Marsh tick,Ixodes apronophorus
hrHBFSk8V0zfhWB1p49G,2023-11-16T03:25:56,Liverpool,Fox/badger tick,Ixodes canisuga
hs3ylDFRy19nwtMimmSx,2021-09-22T11:50:16,Nottingham,Tree-hole tick,Ixodes arboricola
i3je9pcEE7ArhyzDT51m,2016-08-30T19:47:16,Glasgow,Passerine tick,Dermacentor frontalis
i50OyQ3jxr64LVAbCxhF,2014-03-26T11:48:38,Liverpool,Marsh tick,Ixodes apronophorus
i5gnuAazV3jfJsmPGB5R,2012-06-22T12:35:09,Sheffield,Tree-hole tick,Ixodes arboricola
i9V0hJi5gJaR6EmZz5a1,2022-04-21T10:14:16,Glasgow,Tree-hole tick,Ixodes arboricola
iGzZukRFlnPhK0xWVnaz,2023-01-08T08:08:21,Liverpool,Fox/badger tick,Ixodes canisuga
iH3S7YhU0uyyfZQvcOQM,2023-10-03T07:05:31,Sheffield,Passerine tick,Dermacentor frontalis
iLk7GhtTSEaZz80L269k,2023-01-02T08:29:53,London,Southern rodent tick,Ixodes acuminatus
iOZqOURSV09NGZcdZg5L,2021-09-12T03:15:02,Nottingham,Tree-hole tick,Ixodes arboricola
iZJxFS5bFWlqBvdz1HmR,2018-11-10T00:10:39,Newcastle,Marsh tick,Ixodes apronophorus
ibK1G4b6OytOC8q2EK6u,2012-03-16T15:39:34,Edinburgh,Southern rodent tick,Ixodes acuminatus
igJ8dE6bZgOSvJWyGoVj,2024-03-16T04:05:09,Leeds,Fox/badger tick,Ixodes canisuga
iht6SCzQQ3q3rwHjWT8u,2018-01-04T08:17:22,Leicester,Tree-hole tick,Ixodes arboricola
iiyou3YqE8mUXn2FQFMA,2021-04-03T18:17:25,Bristol,Marsh tick,Ixodes apronophorus
iqI7u3P4yNHs5v76rIgN,2016-06-14T10:49:25,Birmingham,Tree-hole tick,Ixodes arboricola
it2Bkt5kYL4L3k8vRBga,2024-10-14T04:16:50,Edinburgh,Fox/badger tick,Ixodes canisuga
iuymPCc6sLk8iNDKfRCG,2014-07-30T11:55:21,Nottingham,Fox/badger tick,Ixodes canisuga
j0ObCnCzq1rMa2yacKLp,2018-08-15T09:33:46,Cardiff,Fox/badger tick,Ixodes canisuga
j67AXxhYW3r6fODJl8eA,2012-11-15T08:21:23,Nottingham,Southern rodent tick,Ixodes acuminatus
j6lpbYaHTkusLv3aPB3k,2016-02-26T10:32:41,Nottingham,Tree-hole tick,Ixodes arboricola
j856qPODHjv9tUuvi8TS,2024-06-14T12:48:17,Southampton,Fox/badger tick,Ixodes canisuga
jCV1IAMgSFAV3tY8ZRzx,2012-11-19T07:32:49,Manchester,Southern rodent tick,Ixodes acuminatus
jK2Cik6m2BxFYUFXzAeX,2024-04-09T21:45:00,Liverpool,Marsh tick,Ixodes apronophorus
jKTS9eHmmpXHrenEEHPH,2019-06-13T22:12:27,Manchester,Tree-hole tick,Ixodes arboricola
jP3ApWL1n0pQW3XIs1uS,2024-05-25T02:37:06,Leicester,Southern rodent tick,Ixodes acuminatus
jTDwwWjThAycMZndR6PY,2020-01-23T18:54:10,Newcastle,Southern rodent tick,Ixodes acuminatus
jcF9MRhT35VwgGWaVB8M,2021-03-19T12:44:44,Cardiff,Southern rodent tick,Ixodes acuminatus
jcoTJTId7FNMQ9FzFmsj,2019-06-17T00:31:50,Sheffield,Southern rodent tick,Ixodes acuminatus
jeYWlOq7ndYtpjCuEToC,2020-12-14T13:25:18,Leeds,Fox/badger tick,Ixodes canisuga
jhZLsXznSeliftQ6bCRH,2015-11-08T01:49:49,Manchester,Marsh tick,Ixodes apronophorus
jii1Vk6pFSTGP6FtU2FU,2021-06-23T20:17:40,Nottingham,Fox/badger tick,Ixodes canisuga
jlWQ9fdo0pT9JmEZrgHj,2016-02-04T13:35:55,Nottingham,Tree-hole tick,Ixodes arboricola
jvNRAmvwl6r2bxwuiCD2,2023-09-09T03:03:47,Cardiff,Tree-hole tick,Ixodes arboricola
jwM6Ge0xgsAfNkjceVhf,2022-11-22T03:36:31,Nottingham,Fox/badger tick,Ixodes canisuga
kFJh5Kkma9MwGrshRyqt,2024-09-12T20:23:36,Leicester,Fox/badger tick,Ixodes canisuga
kJ0oz3H4L8X7RGuAFKzz,2018-08-21T05:46:53,Leicester,Passerine tick,Dermacentor frontalis
kKKcVeNAs0nK359VfwRa,2012-09-29T21:32:55,Nottingham,Fox/badger tick,Ixodes canisuga
kLY588unNh5Nj4DWz5c7,2022-10-16T06:08:16,Birmingham,Fox/badger tick,Ixodes canisuga
kLqDOX9w2gPeNYjJeNLd,2018-05-18T23:05:24,Bristol,Southern rodent tick,Ixodes acuminatus
kMGKlLilj6IRqsWkDiKK,2017-10-20T04:38:05,Bristol,Tree-hole tick,Ixodes arboricola
kQ2FuQTlUTX1xNrB5bNj,2016-12-02T11:56:59,Edinburgh,Fox/badger tick,Ixodes canisuga
kRk4OpXeflQcJGr8sjvH,2023-09-05T23:16:06,Edinburgh,Marsh tick,Ixodes apronophorus
kRyJHh8eSgX3w6zqwWfU,2014-12-29T08:16:15,Leeds,Marsh tick,Ixodes apronophorus
kSEdfGkbs6wAfcamRzDi,2020-01-22T03:40:16,Edinburgh,Marsh tick,Ixodes apronophorus
kTrBWIYmZOYCfwqaMgKI,2014-09-24T15:51:52,Southampton,Passerine tick,Dermacentor frontalis
kbXdi2DpqILV0wajMzKZ,2018-09-12T12:29:43,Liverpool,Passerine tick,Dermacentor frontalis
kdMgkFL47paAunA3cfYA,2014-07-27T12:38:07,Cardiff,Southern rodent tick,Ixodes acuminatus
kfC5SGYUvq7wue1Q9xai,2014-04-30T14:20:17,Nottingham,Fox/badger tick,Ixodes canisuga
klMtwuJjnqjwY49eLsHc,2014-01-07T21:48:51,Cardiff,Southern rodent tick,Ixodes acuminatus
kq5ZxEnwxch0UY0XiPyr,2013-08-15T02:19:32,Edinburgh,Fox/badger tick,Ixodes canisuga
ktESvOuz4nE9Q11CeUj6,2023-05-17T18:58:31,Manchester,Marsh tick,Ixodes apronophorus
kwcevuBg4tAhTOvhGbpi,2019-10-07T16:53:47,Glasgow,Marsh tick,Ixodes apronophorus
l0sELH3wvhMbGLiF97XS,2022-06-21T14:26:05,Cardiff,Tree-hole tick,Ixodes arboricola
l1eXK8OjZjEUeFLDLCPk,2017-06-10T10:55:14,Birmingham,Marsh tick,Ixodes apronophorus
l2d82e2A2EX6o2Zm6TwD,2020-08-25T04:06:35,Leicester,Marsh tick,Ixodes apronophorus
l6rBiiSNeN66kjlp7TXC,2016-05-05T13:59:54,Glasgow,Southern rodent tick,Ixodes acuminatus
l8fMYrtE62bflvPfFELr,2024-05-12T10:47:07,Liverpool,Passerine tick,Dermacentor frontalis
lAFjkQIzhcV5H5rDOlxc,2012-08-15T23:46:03,Leicester,Southern rodent tick,Ixodes acuminatus
lDGKgtzpyXA5ZUvuyNQK,2012-04-17T21:09:23,Southampton,Tree-hole tick,Ixodes arboricola
lG6OXJLPH8ZhWZyZAdYK,2019-03-12T15:14:55,Newcastle,Southern rodent tick,Ixodes acuminatus
lGMFSErS6WoC1aJWjvCj,2020-11-29T03:08:49,London,Tree-hole tick,Ixodes arboricola
lHrC1htc7YQ1VQpEh43f,2022-10-04T10:01:30,Bristol,Fox/badger tick,Ixodes canisuga
lIPMeK3Lerk35ZxV8jvN,2016-12-14T15:32:50,Bristol,Southern rodent tick,Ixodes acuminatus
lIPrppLZJ182GqraMR9j,2020-01-15T10:18:38,Birmingham,Marsh tick,Ixodes apronophorus
lNLhXoP7dGEUMlQqPLAd,2021-01-20T02:28:09,Glasgow,Southern rodent tick,Ixodes acuminatus
lP6fhEjbGmZafbaJIKrY,2013-11-25T14:40:08,Leicester,Southern rodent tick,Ixodes acuminatus
lZ1TkYSb4zE1tFGfESgf,2019-11-17T19:28:44,Newcastle,Southern rodent tick,Ixodes acuminatus
lawjTuM08liQBHkm9dCI,2019-03-05T18:51:10,Liverpool,Tree-hole tick,Ixodes arboricola
ldPKYSBxc8awNLYd8hBs,2016-07-26T22:44:05,Leicester,Fox/badger tick,Ixodes canisuga
lh356ewKR3sjDka3ur8g,2024-08-22T09:32:29,Edinburgh,Fox/badger tick,Ixodes canisuga
lp8kcJbRwptAI1afBk2O,2012-06-23T22:32:40,Nottingham,Passerine tick,Dermacentor frontalis
lvaCdJUZqExjsHrcwnku,2020-03-11T21:12:53,Liverpool,Tree-hole tick,Ixodes arboricola
lx2sgBk7u3C6Y3SJ7nP8,2021-02-28T01:36:06,Birmingham,Tree-hole tick,Ixodes arboricola
m34iaKBBTmjpqvVPz6ye,2017-06-04T20:49:28,Edinburgh,Tree-hole tick,Ixodes arboricola
m5XHTLufW4T1mjdY8cvB,2016-09-06T19:07:27,London,Tree-hole tick,Ixodes arboricola
mBpKzd3Ld0fODlAarKJ3,2012-06-07T08:50:08,Bristol,Passerine tick,Dermacentor frontalis
mFg3vk2IdqgapFbDktdf,2024-02-23T11:50:07,Bristol,Fox/badger tick,Ixodes canisuga
mJZpaHehPvBpDzc696Tg,2018-07-06T15:09:17,Sheffield,Marsh tick,Ixodes apronophorus
mMWRdEKwKCVA4EI7OeCZ,2012-01-15T21:00:06,Nottingham,Southern rodent tick,Ixodes acuminatus
mMoHgHk0Ybt2uu8quxr5,2018-01-02T23:07:36,Manchester,Marsh tick,Ixodes apronophorus
mOMdnLwXSFYV3Hhx1lpj,2019-09-28T10:00:48,Glasgow,Passerine tick,Dermacentor frontalis
mc4WlXVbB9k8SE21f4mY,2019-04-27T08:32:33,Cardiff,Tree-hole tick,Ixodes arboricola
mcg4t3RTWIUPEH68KDXo,2023-06-14T15:51:56,Manchester,Southern rodent tick,Ixodes acuminatus
mhe3dhsNGA3rIE6UatS2,2023-11-25T14:35:04,Cardiff,Tree-hole tick,Ixodes arboricola
mkP5Moftu80FLb0JgTIa,2012-09-26T22:46:23,Sheffield,Marsh tick,Ixodes apronophorus
mlAxlO8cxwodnaOX4rHQ,2023-10-14T14:44:07,Southampton,Southern rodent tick,Ixodes acuminatus
mlaoEgkf4u4ekmG2HtmA,2016-12-21T05:59:55,Bristol,Fox/badger tick,Ixodes canisuga
mqfnRVwajySN0tmwk47o,2012-04-04T04:51:45,Newcastle,Fox/badger tick,Ixodes canisuga
mrqqb08ODLOyzuXxjKZF,2022-11-22T04:49:05,London,Tree-hole tick,Ixodes arboricola
mujBv9VNzG7vqQERyMg8,2012-02-09T13:57:58,Manchester,Tree-hole tick,Ixodes arboricola
mwLgvijNjTVH6HVlxq6h,2023-12-05T07:19:08,Leeds,Passerine tick,Dermacentor frontalis
myDBIAReVGQMmCdJVzBx,2014-11-23T22:42:21,Nottingham,Fox/badger tick,Ixodes canisuga
n3AGwNNtFIiG2hhE3NV4,2024-08-01T00:43:03,Bristol,Tree-hole tick,Ixodes arboricola
n56yIWxZNeQ4g9IOriXX,2022-11-12T02:48:43,Southampton,Marsh tick,Ixodes apronophorus
n5sekJCGzfrCrRUJAUdV,2014-11-23T13:28:07,Leicester,Tree-hole tick,Ixodes arboricola
n9WpB7C0LjiG657dfwdO,2015-05-12T08:31:33,Liverpool,Tree-hole tick,Ixodes arboricola
nPvkj6pbQuRBEyTkwHfd,2017-02-23T18:02:08,Leeds,Southern rodent tick,Ixodes acuminatus
nPxD6vkpmUBrFC6aM4AX,2015-06-02T04:19:29,London,Southern rodent tick,Ixodes acuminatus
nXbOfVoPX9c4NHfbdQO2,2022-01-12T19:43:00,Cardiff,Passerine tick,Dermacentor frontalis
neK1GEjuS2gr6eRqV0r7,2018-10-08T15:25:30,London,Southern rodent tick,Ixodes acuminatus
niTHHgCA3uIEMtknBv98,2022-07-07T19:32:28,Leicester,Fox/badger tick,Ixodes canisuga
npxeeHmFhxiTPZd54RWa,2017-02-03T03:39:13,Cardiff,Southern rodent tick,Ixodes acuminatus
nrLSTjahy0VmHlUIlxMA,2015-06-01T00:12:09,Birmingham,Tree-hole tick,Ixodes arboricola
nrR9gNsr4WiALDHHinIA,2023-03-26T10:31:53,Cardiff,Fox/badger tick,Ixodes canisuga
nxfAJBPXXhRCeC1kZTHF,2015-05-14T10:53:44,Leeds,Fox/badger tick,Ixodes canisuga
nzAt9IY31jSDg3z2rHca,2015-07-10T00:15:17,Glasgow,Marsh tick,Ixodes apronophorus
o1Ga1NwaGJhA8jfTNgYO,2016-10-27T04:14:16,Southampton,Passerine tick,Dermacentor frontalis
o5NUmQARj3P60J3Q7AUV,2020-11-22T16:01:36,Leicester,Passerine tick,Dermacentor frontalis
o8sR0qTgLkDo3YisGYVD,2013-03-01T15:58:41,Edinburgh,Passerine tick,Dermacentor frontalis
oA4D9dQUBh4xImV86bRI,2016-03-08T03:57:06,Birmingham,Passerine tick,Dermacentor frontalis
oC5icaZSr5qlzmFsIfb2,2021-11-09T04:01:24,Bristol,Tree-hole tick,Ixodes arboricola
oCA8LS6PY7KzMSya9Ynh,2019-08-11T12:14:38,Glasgow,Fox/badger tick,Ixodes canisuga
oDyRHtTMQgW6gZRvuDbA,2018-01-27T23:44:24,Edinburgh,Southern rodent tick,Ixodes acuminatus
oETRSmT4e61kyKkiuhQs,2021-10-25T20:06:40,Birmingham,Tree-hole tick,Ixodes arboricola
oLNRElZvkIwuvDpSJCUG,2022-11-29T13:09:18,Leeds,Southern rodent tick,Ixodes acuminatus
oNybNvMJNb9qglO7URUO,2018-08-19T15:55:00,Bristol,Tree-hole tick,Ixodes arboricola
oOGITwX7NdhwQpvM9zdh,2017-05-21T22:11:04,Birmingham,Passerine tick,Dermacentor frontalis
oPsSEOUH8TCt29bdUHzp,2020-12-11T21:36:33,Leicester,Southern rodent tick,Ixodes acuminatus
oQRcAQt3uQXKAijMA1CT,2019-04-18T09:11:41,Bristol,Tree-hole tick,Ixodes arboricola
oSYCyylQlRbuF8EWV9ar,2017-05-14T03:32:17,London,Marsh tick,Ixodes apronophorus
oZwDASwDKwiSzQqcPUg9,2014-07-08T04:48:34,Newcastle,Marsh tick,Ixodes apronophorus
odYmefUrOwFcGraN2dmt,2019-06-27T01:17:53,Cardiff,Southern rodent tick,Ixodes acuminatus
ogHDKVozgy4MVP1wTFuu,2024-01-10T08:55:42,Birmingham,Southern rodent tick,Ixodes acuminatus
okTwzojReK0wvgh0v4Wk,2020-11-12T20:33:17,London,Passerine tick,Dermacentor frontalis
okXN6rgciNCfndicZntB,2012-09-01T00:11:36,London,Passerine tick,Dermacentor frontalis
oyE1pvmNhi9d4Aq7sYin,2013-09-10T20:50:09,Manchester,Southern rodent tick,Ixodes acuminatus
p02kHlSDJdauo5dAPlC2,2016-12-19T09:01:48,Sheffield,Fox/badger tick,Ixodes canisuga
p5nJlgUQjNEN2YMkEYJz,2018-03-16T15:46:41,Leicester,Passerine tick,Dermacentor frontalis
p65mctXAysJ3VpL0OfMf,2021-08-27T09:33:10,Southampton,Passerine tick,Dermacentor frontalis
p9ZvVRFJKo8cyCfAnqKY,2020-06-20T21:26:08,Bristol,Fox/badger tick,Ixodes canisuga
pKyMsVQ6yvdOTa30zb2A,2015-06-30T04:40:44,Birmingham,Southern rodent tick,Ixodes acuminatus
pOUOMhtIAK0a2h0FQXO4,2020-11-30T19:37:40,Birmingham,Southern rodent tick,Ixodes acuminatus
pZeAF7lridLL0Yqr1iEP,2013-04-17T04:22:47,Leeds,Passerine tick,Dermacentor frontalis
pamJV7YjFwozdo1FB6eL,2012-03-21T03:28:17,London,Southern rodent tick,Ixodes acuminatus
pvWFz8wxaDkLcixvCTU5,2018-06-26T03:39:29,Cardiff,Southern rodent tick,Ixodes acuminatus
pwIyJRMLVjGAGweOsVY7,2024-01-07T08:30:08,Sheffield,Tree-hole tick,Ixodes arboricola
pzFGoT55ULEseJLcZreF,2024-05-23T17:05:22,Glasgow,Marsh tick,Ixodes apronophorus
q1VBdsWce5QWGzRCuNXL,2017-09-29T15:51:12,Bristol,Passerine tick,Dermacentor frontalis
q1d3CncbWT9Rj5nrX4bx,2021-12-25T01:27:13,Leicester,Passerine tick,Dermacentor frontalis
q3A3ELlkRrFi5vzIma8H,2021-08-14T10:20:22,Nottingham,Marsh tick,Ixodes apronophorus
q5ftGL2DA1JMkd78shyS,2018-04-28T01:25:12,Birmingham,Tree-hole tick,Ixodes arboricola
q6WLOxWuGpDWohByRvZm,2012-12-15T13:56:21,Bristol,Marsh tick,Ixodes apronophorus
q8MblYhjgm3e0jPI3VGF,2018-07-20T17:09:02,Manchester,Marsh tick,Ixodes apronophorus
qA4XEl1EmJ1HKNbycbsd,2017-10-01T16:03:01,Nottingham,Fox/badger tick,Ixodes canisuga
qAmDyhdh8AmLiVv4wPmz,2020-10-29T04:15:36,Edinburgh,Fox/badger tick,Ixodes canisuga
qKsYoQf5rorESrwZMopt,2024-01-21T06:11:04,Southampton,Tree-hole tick,Ixodes arboricola
qNAWcpW4EUxDplEl9ikI,2014-02-23T18:10:15,Liverpool,Passerine tick,Dermacentor frontalis
qPJuZDJGKUCGiTb0Mz3P,2019-11-14T05:14:40,Edinburgh,Tree-hole tick,Ixodes arboricola
qgj52BWIsYnTKNSOLgO9,2021-06-03T18:52:30,Nottingham,Passerine tick,Dermacentor frontalis
qirO4HB95b1A9LuEbcCc,2023-01-19T15:39:03,Sheffield,Passerine tick,Dermacentor frontalis
rAKQCU9kGbzl21VPN67J,2018-11-06T04:18:32,London,Passerine tick,Dermacentor frontalis
rGUhbOR39ZE9fdVf3lws,2016-03-14T15:34:09,London,Fox/badger tick,Ixodes canisuga
rK46AJDNoDva6oPJMK5p,2015-05-25T09:14:20,Sheffield,Fox/badger tick,Ixodes canisuga
rRk5Z5nPMHZIPDj2UYtF,2022-02-10T11:09:02,Birmingham,Southern rodent tick,Ixodes acuminatus
rZzqu80posNQDNzumJSK,2016-08-03T18:58:42,Glasgow,Passerine tick,Dermacentor frontalis
rfEQwm0MTtan2vl7tvaw,2012-03-30T20:29:42,Nottingham,Fox/badger tick,Ixodes canisuga
rhUdZ61v0sJpiarTDNJ3,2023-11-30T20:57:07,Nottingham,Passerine tick,Dermacentor frontalis
rlb1M2hK6389R6gyNTy6,2014-11-17T01:22:59,Cardiff,Southern rodent tick,Ixodes acuminatus
rlsolmQ3J0LQAnGBxQDK,2024-10-03T03:27:57,Leicester,Marsh tick,Ixodes apronophorus
rrfUy4PQVZgxbVNg1ugI,2013-10-13T15:24:23,Manchester,Fox/badger tick,Ixodes canisuga
s1Nr2wF0iX8UsCsJqFTX,2021-02-20T04:30:28,Liverpool,Fox/badger tick,Ixodes canisuga
s6GCIUO78kW03rnwhPwo,2024-10-07T04:08:24,Manchester,Passerine tick,Dermacentor frontalis
sBVvethlD9HhHivJHzNL,2012-08-27T22:00:43,Glasgow,Tree-hole tick,Ixodes arboricola
sItHisGbG7Wr2VRijce5,2020-04-19T11:18:10,Glasgow,Passerine tick,Dermacentor frontalis
sIuCSIyXNoSkY617lhZ6,2012-04-20T05:33:21,Birmingham,Southern rodent tick,Ixodes acuminatus
sJ19ePbILqrRK0d7L5eZ,2016-11-05T06:50:53,Bristol,Passerine tick,Dermacentor frontalis
sKm3fj8jM5nFCUZkjsqQ,2020-04-03T14:12:03,Nottingham,Fox/badger tick,Ixodes canisuga
sKrOiHFnlSeYLNjydBiO,2012-12-31T14:49:42,London,Tree-hole tick,Ixodes arboricola
sS5cVSVYaqjMAhorU46A,2020-08-02T06:02:01,Birmingham,Tree-hole tick,Ixodes arboricola
sfKPPFDk5hi8nUTku5Ha,2016-09-01T13:07:49,Leicester,Tree-hole tick,Ixodes arboricola
shJ4n1xW7ozxVkvwEEkq,2021-11-02T21:50:01,Liverpool,Southern rodent tick,Ixodes acuminatus
shXjdSmlA8tYmqLAlp4j,2022-10-11T01:07:23,Nottingham,Tree-hole tick,Ixodes arboricola
sjYEQ904DcgJglIh12p8,2021-09-08T10:34:25,Newcastle,Marsh tick,Ixodes apronophorus
sojykRuhbh0mifCYogHu,2013-04-19T01:23:32,Sheffield,Fox/badger tick,Ixodes canisuga
srhcxv1CgtCUYLcBY0fC,2020-01-18T10:49:41,Glasgow,Marsh tick,Ixodes apronophorus
svrsl3BKnqOd7u52c7fk,2021-02-19T15:33:12,Leicester,Southern rodent tick,Ixodes acuminatus
szOO4Me73AonK5KAGyvv,2013-06-27T08:24:19,Liverpool,Marsh tick,Ixodes apronophorus
tBDEs7jcKlK3ImBdjXeF,2013-10-19T15:57:16,Birmingham,Marsh tick,Ixodes apronophorus
tCWY1NBNFjL56v0YIUCL,2013-09-03T03:59:45,Nottingham,Marsh tick,Ixodes apronophorus
tFVRiSzMnCJgVDqkJnAS,2021-09-02T12:23:36,Glasgow,Southern rodent tick,Ixodes acuminatus
tFpfZYF4gRR0PiJvRmmP,2019-08-21T02:39:25,Edinburgh,Passerine tick,Dermacentor frontalis
tKScVXgJhi9vRdG2fnV1,2012-08-10T19:02:13,Glasgow,Fox/badger tick,Ixodes canisuga
tKqhQt3E1L973YmduiHh,2021-12-23T03:26:51,London,Fox/badger tick,Ixodes canisuga
tR1HvhalUxdUMoe5HG9j,2022-09-09T08:28:02,Newcastle,Passerine tick,Dermacentor frontalis
tSoyCSAaz3yxZQSp0OFj,2023-02-06T03:44:16,Leicester,Passerine tick,Dermacentor frontalis
tdK72DrpyzfXULKSqOpf,2019-11-23T08:58:10,Bristol,Southern rodent tick,Ixodes acuminatus
tfsEWZQGwOE5HTfVPRS0,2014-02-13T20:33:49,Bristol,Southern rodent tick,Ixodes acuminatus
tiSiAHIwgq0NTVn8HOtd,2014-03-30T10:54:30,Leicester,Fox/badger tick,Ixodes canisuga
tkJQMVSSQWFLh41SMB3b,2013-09-04T06:28:57,Newcastle,Fox/badger tick,Ixodes canisuga
tlmtfB9XPgXGVEibnc7W,2015-04-18T05:12:13,Birmingham,Southern rodent tick,Ixodes acuminatus
tmuXaUR7ipVGwCNs7Ypc,2019-07-29T10:43:48,Edinburgh,Marsh tick,Ixodes apronophorus
tokLHXxPfNoK00he3JUy,2018-10-28T10:31:48,Manchester,Southern rodent tick,Ixodes acuminatus
tq1qSry5xRiCsQAMslaD,2013-01-20T17:40:33,Nottingham,Passerine tick,Dermacentor frontalis
ttomh5LiyE6AvMXkGyqv,2014-04-08T23:45:52,London,Fox/badger tick,Ixodes canisuga
twxeVXohYeXphja6jfMV,2014-07-20T09:29:30,Birmingham,Passerine tick,Dermacentor frontalis
txC2OFPJE6Ge5Ew4nTSR,2014-03-11T19:57:52,Birmingham,Fox/badger tick,Ixodes canisuga
u4rUvuPvWMGxMpAArmGT,2020-10-22T12:22:34,London,Passerine tick,Dermacentor frontalis
u6Ue44eJVDFLOcoU2EJB,2022-08-21T21:24:41,Cardiff,Southern rodent tick,Ixodes acuminatus
uFq2r7ehioWbmRnWDnbx,2019-02-21T12:50:13,Leeds,Tree-hole tick,Ixodes arboricola
uGo5oUs6YsfZC5dOJ2GZ,2012-10-02T11:21:14,Southampton,Tree-hole tick,Ixodes arboricola
uKV79fATq5nigkdW40RK,2014-10-09T09:50:31,Cardiff,Fox/badger tick,Ixodes canisuga
uNFVHtlNrneqXUOMATZw,2024-10-19T07:34:02,Southampton,Southern rodent tick,Ixodes acuminatus
uSZRyS4q7Eb1J0p8InzT,2018-02-09T22:03:51,Cardiff,Marsh tick,Ixodes apronophorus
ugzxj8porcW6Y20NuCIe,2013-02-27T15:57:07,Nottingham,Southern rodent tick,Ixodes acuminatus
uiW7clRJNBo3PPOOl1xT,2022-11-12T08:17:01,Birmingham,Fox/badger tick,Ixodes canisuga
um2fLoYXh9ozjGlmErdB,2013-09-22T05:19:05,Liverpool,Marsh tick,Ixodes apronophorus
umDl7UzIWiBB3qb2vM5H,2014-07-08T16:37:15,Manchester,Passerine tick,Dermacentor frontalis
umuS63t3bRbH0RVLvrjm,2021-09-14T03:25:34,Cardiff,Marsh tick,Ixodes apronophorus
v1vt9ekMPoGAdQg9miXI,2020-10-12T20:42:50,Bristol,Passerine tick,Dermacentor frontalis
v77UE07ae5Fh6pRpAbuw,2023-06-02T19:20:00,Liverpool,Passerine tick,Dermacentor frontalis
v7OCS0Jaqh0IjsHjG3st,2019-03-06T00:31:21,Edinburgh,Southern rodent tick,Ixodes acuminatus
v8kmhKkvYXS9RjiRPtx0,2021-01-29T21:26:32,Birmingham,Southern rodent tick,Ixodes acuminatus
vDgGt5UjNxhDVBFon9AS,2024-08-30T17:56:19,Liverpool,Marsh tick,Ixodes apronophorus
vEC0YeOLtsPXdBH1yTVf,2012-07-26T06:51:23,Cardiff,Fox/badger tick,Ixodes canisuga
vHLNBrXjRoaIzZOhmbr4,2021-09-09T17:00:29,Bristol,Marsh tick,Ixodes apronophorus
vJ5hAN6KuhjDgF5Jx92r,2014-07-30T23:59:26,Newcastle,Passerine tick,Dermacentor frontalis
vKvwfpPzfYOMCN5xu57s,2020-03-11T02:00:04,Liverpool,Tree-hole tick,Ixodes arboricola
vWi8A5v1RBFD9PWLmSQP,2022-07-20T11:47:01,Bristol,Marsh tick,Ixodes apronophorus
vektKrktS7Nr8nWrpUWO,2019-05-15T05:38:19,Sheffield,Passerine tick,Dermacentor frontalis
vmrBZheRR3laUh7oSSVK,2021-10-03T11:59:12,Glasgow,Tree-hole tick,Ixodes arboricola
vn85mg1CAzPFeGOoDndh,2012-01-06T09:34:59,Glasgow,Southern rodent tick,Ixodes acuminatus
vu8YJaxGIPg4rpvNmhNl,2012-07-13T21:10:32,Leicester,Fox/badger tick,Ixodes canisuga
vu9k3oRyy2BQskX6rBO9,2012-01-03T20:40:43,Edinburgh,Marsh tick,Ixodes apronophorus
vwAwtCa42vmKmcgy70Vn,2023-08-07T21:57:23,Leicester,Fox/badger tick,Ixodes canisuga
vxGUJOnT1EJfIJ9foKrK,2020-12-09T14:07:09,Cardiff,Marsh tick,Ixodes apronophorus
vyIU4iN7vlN5ccIDp1pM,2022-07-24T19:41:58,Manchester,Passerine tick,Dermacentor frontalis
w1bDF50JF2lU5vbydM9I,2017-03-26T23:32:49,Birmingham,Passerine tick,Dermacentor frontalis
w2zf0126GQ0RHARAl8FG,2021-08-15T01:29:47,Leeds,Fox/badger tick,Ixodes canisuga
w6J5IXRhUNu1e9BdoyTM,2015-09-23T05:34:25,Liverpool,Fox/badger tick,Ixodes canisuga
w84T6NqwXmKYivpEG69J,2023-07-08T10:06:26,Manchester,Tree-hole tick,Ixodes arboricola
w9ZVfej8Zz0S7Tmy4yY3,2021-01-12T22:50:15,Sheffield,Tree-hole tick,Ixodes arboricola
wKW9dpCM9k4IPZvirQHC,2012-12-06T21:32:36,Sheffield,Southern rodent tick,Ixodes acuminatus
wWhAgpr67cSlqeSeYfMV,2018-12-05T05:19:13,Manchester,Marsh tick,Ixodes apronophorus
wcLqXNJP3avv7Kg5H953,2017-08-13T23:22:58,Birmingham,Tree-hole tick,Ixodes arboricola
wl8KioHl4ALDTsb6Qbp6,2020-10-23T17:48:56,Edinburgh,Fox/badger tick,Ixodes canisuga
x0IMTPasY0DZcX601gnV,2013-07-17T00:29:56,Manchester,Fox/badger tick,Ixodes canisuga
x0XPFJPBxVwVSivF0Wk5,2016-12-08T04:53:58,Birmingham,Fox/badger tick,Ixodes canisuga
x6TZr9LtRHQOpwM27lZY,2021-09-15T06:39:02,Glasgow,Passerine tick,Dermacentor frontalis
xCn6dLnxzD5v5PiYPorL,2013-02-12T08:47:25,Sheffield,Tree-hole tick,Ixodes arboricola
xGj2FDydqRrqxHnc7Krk,2020-01-23T20:45:37,Birmingham,Passerine tick,Dermacentor frontalis
xHuPaFkWYKEcdKxdyzPC,2015-03-03T15:48:22,Sheffield,Fox/badger tick,Ixodes canisuga
xMOyvUx9wwAWaGTsEyGz,2012-02-04T19:59:04,Liverpool,Southern rodent tick,Ixodes acuminatus
xTe6aWcbBKTxj3FtHYY1,2012-05-19T22:46:19,London,Marsh tick,Ixodes apronophorus
xYQWwkwXCwm3vRn3xU3T,2016-10-29T17:56:02,Cardiff,Tree-hole tick,Ixodes arboricola
xdS3lGqhM2W20vb5sVNp,2023-01-24T07:49:02,Leeds,Tree-hole tick,Ixodes arboricola
xduB7WfqkSJw4UCHAuYe,2023-08-13T19:01:55,Leeds,Tree-hole tick,Ixodes arboricola
xk7TJbO7rgv3gYbV70TK,2022-04-04T10:17:02,London,Marsh tick,Ixodes apronophorus
xkRekaVi9Su8Z5j2NyGa,2022-01-31T18:16:21,Edinburgh,Fox/badger tick,Ixodes canisuga
xlNn2P8j4ICFrvnilfAr,2015-07-25T13:25:49,Southampton,Passerine tick,Dermacentor frontalis
xmFkWgWYLtVoaD3reP4K,2022-01-23T01:00:55,Newcastle,Passerine tick,Dermacentor frontalis
xqfVFD2FeHCzASptHru6,2012-05-26T08:08:26,Leeds,Southern rodent tick,Ixodes acuminatus
xtOXJPkACNaghDJ13hNM,2017-11-14T05:58:35,Birmingham,Southern rodent tick,Ixodes acuminatus
xtiEypezSxsfNJVkz3N0,2024-01-13T07:16:39,Bristol,Southern rodent tick,Ixodes acuminatus
xvbDQXHkRgubYZGsORb6,2014-07-04T02:16:11,Manchester,Fox/badger tick,Ixodes canisuga
y1fM2l3XJWsVJBs13k8A,2016-08-13T20:02:49,Liverpool,Tree-hole tick,Ixodes arboricola
y2Xt43Ty8FNK9jikVHZT,2016-07-21T02:52:00,Glasgow,Fox/badger tick,Ixodes canisuga
y51ZWE8b5pgZ0aS0KuPo,2018-06-05T06:19:35,Liverpool,Fox/badger tick,Ixodes canisuga
y7ETHtNRFxSWvbQ7hw0x,2024-03-13T14:34:43,Birmingham,Marsh tick,Ixodes apronophorus
y7Ib4N0mWpXKe4HQBgab,2018-08-24T01:25:14,Nottingham,Southern rodent tick,Ixodes acuminatus
y7b7MTpleBPhP1Ojjo9u,2015-11-14T13:22:37,Birmingham,Passerine tick,Dermacentor frontalis
y8rDPVx5SwgkTkMCJjpq,2017-06-18T04:48:46,Glasgow,Southern rodent tick,Ixodes acuminatus
yAKixTA80BHN1JCZ7iVM,2021-04-23T02:05:48,London,Fox/badger tick,Ixodes canisuga
yCnT5AExmdUzu51zrqcS,2021-01-13T18:53:35,Glasgow,Tree-hole tick,Ixodes arboricola
yHKpQIbUfqdl7h4CYKyf,2012-01-24T00:24:09,Birmingham,Southern rodent tick,Ixodes acuminatus
yNHgvuu76nmuhZzOh5Vb,2023-09-27T18:18:01,Newcastle,Tree-hole tick,Ixodes arboricola
yRa7tagc5ddhKL9mOrdq,2017-11-08T05:14:51,Sheffield,Marsh tick,Ixodes apronophorus
yS8ITHjzu1gt3pUYg1sq,2013-10-24T04:00:37,Liverpool,Tree-hole tick,Ixodes arboricola
yUss1yX5RK7DlmAmtgT1,2023-11-30T16:37:54,Nottingham,Fox/badger tick,Ixodes canisuga
yWraib2Zv9siRlzVdChS,2021-08-05T04:45:55,London,Southern rodent tick,Ixodes acuminatus
ya20Hxs21ULk3VUmjLJs,2016-07-18T11:21:31,Glasgow,Fox/badger tick,Ixodes canisuga
yl9lTO5wvQSIlr27fwQd,2013-02-01T22:28:37,Newcastle,Passerine tick,Dermacentor frontalis
yoPLO3ZYNiLKVh7Cfo1f,2018-06-30T17:00:29,Birmingham,Marsh tick,Ixodes apronophorus
yrAgc54LPgifH3KuL65U,2019-11-18T15:16:38,Edinburgh,Fox/badger tick,Ixodes canisuga
z4euXuFjxhC5ATrOgM4L,2019-10-26T07:19:36,Leeds,Passerine tick,Dermacentor frontalis
z9gJdab10hNcAVk7eoqk,2018-09-14T02:12:34,Edinburgh,Marsh tick,Ixodes apronophorus
zIh737VbwDCoA1VKmRwy,2022-11-28T05:12:24,Leicester,Southern rodent tick,Ixodes acuminatus
zIid7p1umsoHWewLx7sS,2021-09-22T22:50:42,Cardiff,Fox/badger tick,Ixodes canisuga
zNavUVihkUrkR4UChiDe,2015-04-02T12:44:36,Liverpool,Fox/badger tick,Ixodes canisuga
zRZvDbjM8XZGlBzux6Ln,2014-07-29T01:40:06,Edinburgh,Passerine tick,Dermacentor frontalis
zhNgy66ZydWrS15fuZJt,2017-04-02T05:03:53,Leeds,Southern rodent tick,Ixodes acuminatus
zhlW7w9ondK5R84n9Cyy,2014-11-13T19:06:48,Bristol,Passerine tick,Dermacentor frontalis
ziniFOq3yOlOQFNcItlz,2017-11-02T00:45:28,London,Fox/badger tick,Ixodes canisuga
zioQC3eCsCL3gn94x7az,2019-06-22T21:29:54,Sheffield,Fox/badger tick,Ixodes canisuga
zmQC5Z0BxcmemDAWRheX,2024-03-10T03:55:02,Sheffield,Passerine tick,Dermacentor frontalis
znnCaVQlOjSZbIeij5f6,2022-12-18T21:08:01,Bristol,Passerine tick,Dermacentor frontalis
zq0pM9LealYh6SGfquQ0,2018-04-11T15:20:12,London,Fox/badger tick,Ixodes canisuga
zqi4h2YYgl1YFz0YsLOQ,2016-11-25T08:29:25,Leicester,Fox/badger tick,Ixodes canisuga
zrUxZiyxhJqo0EzS2k6M,2023-01-30T12:03:56,Leicester,Fox/badger tick,Ixodes canisuga
zxqhVeaA7vB7jaQCuiJa,2012-05-28T23:18:10,Edinburgh,Passerine tick,Dermacentor frontalis
